t_average_bitrate;e_height;t_average_vmaf_predicted;s_video_id
3313;540;89.31067;418
5359;720;94.34125;418
10548;1080;95.72752;418
1728;360;74.0992;418
8302;1080;95.27889;418
2269;432;81.9727;418
863;234;44.79707;418
4052;720;93.021675;418
2530;540;86.6812;418
1323;360;71.009094;418
1732;432;78.73253;418
666;234;42.37914;418
3070;720;90.441864;418
1931;540;83.04526;418
1016;360;67.46669;418
1326;432;75.24964;418
6515;1080;94.77632;418
512;234;39.683125;418
4968;1080;93.53613;418
2333;720;86.454895;418
1480;540;79.157234;418
3800;1080;92.690445;418
1015;432;71.23584;418
778;360;63.49187;418
393;234;36.79317;418
1787;720;83.902;418
599;360;57.928883;418
779;432;67.75653;418
301;234;32.674465;418
1138;540;75.97713;418
2890;1080;90.62783;418
1380;720;79.85179;418
462;360;52.838375;418
882;540;71.47203;418
600;432;61.43745;418
231;234;28.746367;418
2198;1080;85.673965;418
1072;720;73.08879;418
686;540;65.40761;418
358;360;48.686863;418
466;432;57.986168;418
178;234;25.267532;418
1196;1080;73.10719;418
373;540;49.278194;418
588;720;59.33845;418
195;360;33.39139;418
255;432;41.02493;418
686;1080;58.45789;418
96;234;13.300779;418
338;720;39.23167;418
213;540;30.727148;418
110;360;16.481003;418
146;432;22.139482;418
54;234;6.025823;418
405;1080;36.090397;418
198;720;20.836542;418
63;360;6.6515083;418
125;540;13.762706;418
84;432;8.945951;418
31;234;3.2615066;418
236;1080;18.698088;418
69;540;5.6655517;418
33;360;3.242505;418
112;720;8.553148;418
46;432;4.0540047;418
16;234;2.2794333;418
213;1080;17.217276;418
30;360;2.242406;418
60;540;4.5322328;418
100;720;7.38607;418
40;432;3.1954904;418
15;234;1.3430905;418
1194;360;72.67898;419
2348;540;88.10075;419
7672;1080;95.39679;419
3766;720;93.113495;419
1589;432;80.19519;419
5866;1080;94.75134;419
1794;540;85.68761;419
571;234;42.188625;419
927;360;69.54663;419
2828;720;91.692764;419
1222;432;77.697296;419
4481;1080;93.494026;419
450;234;41.59792;419
2153;720;88.476616;419
1383;540;81.86629;419
945;432;74.119125;419
722;360;65.84983;419
353;234;39.437363;419
3431;1080;92.64392;419
1658;720;86.23997;419
1070;540;78.7003;419
565;360;63.4094;419
738;432;71.32872;419
278;234;36.490673;419
1291;720;83.69707;419
2646;1080;91.20733;419
444;360;58.998634;419
837;540;76.94757;419
579;432;67.76843;419
220;234;32.57698;419
2053;1080;89.47423;419
1014;720;80.633514;419
659;540;73.39014;419
351;360;53.983463;419
174;234;28.449278;419
456;432;62.618057;419
1602;1080;86.56915;419
801;720;74.61948;419
520;540;67.77592;419
276;360;49.96477;419
361;432;60.528515;419
137;234;24.754438;419
901;1080;75.39157;419
450;720;63.88368;419
151;360;34.930798;419
290;540;52.898342;419
201;432;43.23262;419
75;234;13.088927;419
514;1080;65.108536;419
256;720;43.085594;419
161;540;32.92462;419
82;360;17.467894;419
110;432;23.501413;419
40;234;6.029787;419
144;720;23.045576;419
299;1080;39.844563;419
45;360;6.88021;419
89;540;14.498431;419
61;432;9.059541;419
157;1080;20.120604;419
22;234;3.1240487;419
75;720;8.9773;419
46;540;5.852094;419
22;360;3.3804955;419
30;432;4.1850905;419
11;234;2.1366482;419
140;1080;17.721277;419
66;720;7.755775;419
40;540;4.711391;419
27;432;3.3354678;419
20;360;2.3790467;419
10;234;1.2009225;419
2027;360;74.188385;420
6046;720;93.920746;420
11982;1080;95.93493;420
3741;540;89.97123;420
2602;432;82.2357;420
9473;1080;95.90657;420
1068;234;45.26859;420
4521;720;93.09072;420
2840;540;87.01843;420
1558;360;71.3452;420
1984;432;79.28109;420
827;234;41.90982;420
7417;1080;95.34779;420
3407;720;90.68092;420
2174;540;83.143036;420
1527;432;75.65185;420
1204;360;67.3453;420
642;234;38.597782;420
3407;720;90.68092;420
7417;1080;95.34779;420
1204;360;67.3453;420
2174;540;83.143036;420
1527;432;75.65185;420
642;234;38.597782;420
5727;1080;94.51936;420
1682;540;79.66499;420
2598;720;87.17745;420
937;360;64.25526;420
1185;432;71.824295;420
499;234;35.737785;420
1316;540;75.35812;420
734;360;58.093716;420
1448;540;86.51838;422
2404;720;90.694916;422
6527;1080;94.9117;422
742;360;70.06202;422
984;432;78.15347;422
371;234;42.755703;422
4516;1080;93.35642;422
1082;540;83.65928;422
1758;720;89.62739;422
566;360;68.353745;422
745;432;77.72757;422
1293;720;87.78339;422
288;234;42.30013;422
3108;1080;91.93588;422
813;540;81.257034;422
432;360;66.325806;422
565;432;73.442406;422
221;234;40.51221;422
3108;1080;91.93588;422
1293;720;87.78339;422
813;540;81.257034;422
432;360;66.325806;422
565;432;73.442406;422
221;234;40.51221;422
2173;1080;90.66268;422
970;720;85.55661;422
331;360;65.133835;422
430;432;71.04411;422
615;540;78.18619;422
171;234;37.58208;422
1597;1080;89.737366;422
750;720;83.64293;422
481;540;77.96762;422
259;360;60.569157;422
336;432;68.09235;422
135;234;33.731766;422
1197;1080;88.6475;422
570;720;81.70524;422
368;540;74.69095;422
201;360;55.497738;422
258;432;65.991684;422
106;234;29.704481;422
911;1080;87.3151;422
440;720;76.01877;422
284;540;70.24588;422
156;360;50.35114;422
199;432;63.02547;422
83;234;25.902102;422
506;1080;76.76262;422
252;720;67.96276;422
164;540;56.81968;422
114;432;45.49371;422
89;360;36.24386;422
47;234;13.871864;422
315;1080;67.41246;422
159;720;46.342537;422
103;540;34.695652;422
56;360;17.720556;422
72;432;24.390741;422
30;234;6.120372;422
206;1080;42.42243;422
107;720;23.571192;422
69;540;14.401103;422
37;360;6.586879;422
48;432;8.81974;422
20;234;3.303722;422
131;1080;20.063873;422
69;720;8.702676;422
45;540;5.628552;422
24;360;3.2283154;422
31;432;4.0259557;422
13;234;2.3162532;422
120;1080;17.598158;422
63;720;7.4645305;422
41;540;4.5137005;422
22;360;2.2268362;422
28;432;3.1574993;422
12;234;1.3782309;422
11879;1080;95.43568;489
4681;540;90.87338;489
2466;360;75.61867;489
7285;720;94.80111;489
3264;432;84.08229;489
1199;234;48.14012;489
9968;1080;95.53224;489
5716;720;94.39459;489
3681;540;88.926186;489
1926;360;73.41343;489
934;234;44.82723;489
8267;1080;84.453674;489
2548;432;80.952805;489
4475;720;91.14426;489
2875;540;84.775986;489
722;234;40.579422;489
1495;360;68.94653;489
1979;432;76.76453;489
6739;1080;94.50081;489
3490;720;88.42259;489
2233;540;80.725235;489
1154;360;64.73433;489
1531;432;72.84065;489
554;234;37.18721;489
5389;1080;93.12627;489
1724;540;76.16222;489
2713;720;85.019554;489
886;360;58.750782;489
1177;432;66.394226;489
4252;1080;90.07417;489
2100;720;79.7492;489
422;234;32.673405;489
1325;540;68.8586;489
676;360;50.73827;489
900;432;60.90859;489
321;234;28.973207;489
3353;1080;86.57869;489
1013;540;63.15624;489
1619;720;72.06781;489
513;360;46.642925;489
685;432;53.158844;489
243;234;25.803885;489
1826;1080;71.01594;489
835;720;52.30403;489
256;360;31.395075;489
342;432;37.526962;489
120;234;13.699298;489
991;1080;52.06715;489
513;540;43.23748;489
436;720;35.61329;489
264;540;28.558252;489
61;234;6.040316;489
130;360;15.913287;489
175;432;21.11962;489
145;540;13.182494;489
552;1080;32.125034;489
242;720;19.339846;489
95;432;8.795797;489
70;360;6.561883;489
33;234;3.349308;489
316;1080;17.951982;489
139;720;8.331256;489
40;360;3.1865983;489
82;540;5.427489;489
54;432;3.9152894;489
19;234;2.3664966;489
286;1080;16.879383;489
125;720;7.182408;489
74;540;4.3174434;489
36;360;2.1882472;489
49;432;3.0425591;489
17;234;1.4227698;489
8746;1080;95.00864;493
4117;720;93.35657;493
1420;360;73.55352;493
2649;540;89.30538;493
1803;432;81.07851;493
731;234;46.07162;493
6949;1080;94.55534;493
3200;720;92.32721;493
2062;540;86.04047;493
1124;360;71.193054;493
1422;432;78.63904;493
580;234;44.929672;493
5387;1080;93.538025;493
2503;720;89.44537;493
1620;540;83.15692;493
1125;432;75.199234;493
459;234;42.230663;493
889;360;66.79128;493
4242;1080;92.5757;493
1967;720;85.99803;493
1270;540;78.46807;493
705;360;63.59531;493
890;432;72.0127;493
365;234;38.92326;493
3273;1080;91.65549;493
1566;720;83.346825;493
563;360;58.90398;493
1007;540;76.33641;493
707;432;67.950584;493
289;234;34.915874;493
2630;1080;89.99574;493
1255;720;79.72639;493
804;540;71.22878;493
450;360;52.92909;493
567;432;61.396187;493
230;234;30.862555;493
2111;1080;85.203064;493
1008;720;72.903046;493
645;540;64.90783;493
358;360;48.00887;493
450;432;57.290054;493
183;234;27.354795;493
1250;1080;72.382126;493
594;720;58.25658;493
263;432;39.789547;493
210;360;33.367477;493
375;540;47.947758;493
107;234;14.886277;493
764;1080;55.396324;493
361;720;37.65459;493
228;540;28.873606;493
128;360;16.505957;493
161;432;21.11329;493
66;234;5.943212;493
505;1080;32.684322;493
229;720;19.321753;493
147;540;12.476773;493
81;360;6.8320265;493
104;432;8.571907;493
41;234;3.123886;493
312;1080;17.81922;493
145;720;8.174509;493
92;540;5.033327;493
51;360;3.2405796;493
25;234;2.136365;493
66;432;3.7102208;493
281;1080;16.881664;493
131;720;7.0265737;493
83;540;3.97043;493
45;360;2.2444954;493
58;432;2.8106723;493
23;234;1.1914564;493
14246;1080;94.010956;494
5599;540;91.26762;494
3907;432;84.88488;494
8911;720;95.09494;494
2968;360;76.23678;494
4402;540;90.19458;494
2310;360;74.06506;494
6989;720;94.545166;494
1411;234;49.022476;494
1097;234;45.647846;494
3036;432;81.90289;494
5476;720;92.885544;494
9870;1080;94.78898;494
3440;540;86.27813;494
1792;360;70.446365;494
2354;432;77.98059;494
847;234;40.985134;494
8101;1080;93.990685;494
2678;540;82.26419;494
4284;720;88.89689;494
1386;360;65.21593;494
652;234;36.74541;494
1822;432;73.43457;494
6600;1080;93.05006;494
3345;720;85.410904;494
2078;540;76.20817;494
1069;360;59.29105;494
500;234;31.947062;494
5203;1080;90.00326;494
1406;432;66.94555;494
2604;720;80.29109;494
1606;540;69.498184;494
1081;432;60.42916;494
381;234;28.316034;494
820;360;51.24149;494
11858;1080;94.81972;494
4112;1080;86.20714;494
1237;540;64.51673;494
2021;720;71.959625;494
626;360;45.098465;494
828;432;51.707355;494
289;234;25.10762;494
2300;1080;69.53112;494
1052;720;50.497005;494
630;540;41.374302;494
312;360;29.76561;494
417;432;35.21956;494
142;234;13.312059;494
1256;1080;51.28243;494
551;720;33.478153;494
324;540;27.20154;494
71;234;6.0287313;494
213;432;20.465683;494
158;360;15.398272;494
733;1080;29.598207;494
180;540;13.109372;494
308;720;18.267906;494
85;360;6.5435896;494
117;432;8.883004;494
38;234;3.3636332;494
447;1080;17.424099;494
103;540;5.49653;494
181;720;8.309804;494
66;432;3.954646;494
47;360;3.1634398;494
21;234;2.3828259;494
165;720;7.167477;494
408;1080;16.788967;494
42;360;2.166576;494
93;540;4.3659015;494
59;432;3.0946264;494
18;234;1.4427499;494
14239;1080;93.97232;498
8778;720;95.11243;498
5562;540;91.278366;498
2926;360;76.21298;498
3858;432;84.98082;498
11872;1080;94.758514;498
1391;234;49.22659;498
6865;720;94.57384;498
4365;540;90.161896;498
2271;360;74.00724;498
2994;432;81.953094;498
9836;1080;86.87111;498
5360;720;92.83316;498
3405;540;86.18555;498
1079;234;45.84053;498
2316;432;77.838036;498
831;234;41.21394;498
1756;360;70.309906;498
8128;1080;93.92175;498
4180;720;88.91726;498
2645;540;82.2553;498
1353;360;65.09955;498
1787;432;73.35698;498
638;234;37.03136;498
6485;1080;93.039536;498
3255;720;85.40027;498
2049;540;76.23306;498
1041;360;59.216244;498
1377;432;66.93789;498
487;234;32.29847;498
5217;1080;89.95652;498
2528;720;80.17056;498
797;360;51.081604;498
1582;540;69.41344;498
1056;432;60.414974;498
371;234;28.65731;498
4055;1080;86.1909;498
1215;540;64.71204;498
1957;720;71.94164;498
608;360;45.22876;498
807;432;51.86877;498
281;234;25.483047;498
2268;1080;69.566795;498
1014;720;50.612095;498
617;540;41.352528;498
302;360;30.056427;498
405;432;35.423885;498
138;234;13.5198145;498
1227;1080;51.220524;498
530;720;33.49027;498
316;540;27.164373;498
152;360;15.537213;498
206;432;20.503069;498
69;234;6.022228;498
708;1080;29.702442;498
296;720;18.333899;498
174;540;12.99612;498
82;360;6.566425;498
112;432;8.826652;498
436;1080;17.425077;498
37;234;3.3472018;498
176;720;8.274178;498
101;540;5.4150114;498
46;360;3.1766968;498
20;234;2.3664143;498
64;432;3.914628;498
402;1080;16.763823;498
160;720;7.1310935;498
91;540;4.296269;498
57;432;3.0470128;498
41;360;2.1798513;498
18;234;1.4228348;498
1578;432;80.61724;499
2328;540;88.36806;499
3790;720;93.1551;499
1180;360;73.853584;499
8738;1080;95.07641;499
6477;1080;94.48099;499
595;234;46.02102;499
2923;720;91.89477;499
1788;540;86.249176;499
1239;432;78.57609;499
468;234;45.15418;499
4958;1080;93.27907;499
920;360;70.37953;499
1389;540;82.22476;499
723;360;67.46399;499
2282;720;88.81678;499
370;234;42.69077;499
976;432;74.70352;499
4043;1080;92.528625;499
1790;720;86.26541;499
1089;540;78.5501;499
570;360;65.06459;499
293;234;39.37477;499
776;432;72.181274;499
2954;1080;90.830666;499
1421;720;83.122086;499
860;540;76.25409;499
620;432;68.07274;499
453;360;60.493153;499
234;234;35.546055;499
2337;1080;88.947334;499
1134;720;79.841995;499
362;360;54.60581;499
685;540;72.09945;499
494;432;61.819386;499
2009;1080;85.30679;499
187;234;31.38135;499
913;720;73.23125;499
548;540;66.045685;499
289;360;49.613583;499
396;432;58.36636;499
1189;1080;72.51009;499
541;720;59.758823;499
150;234;27.753626;499
323;540;49.927258;499
171;360;35.036095;499
231;432;40.914104;499
693;1080;57.58782;499
88;234;15.208678;499
194;540;30.00232;499
326;720;38.864334;499
138;432;21.795406;499
102;360;17.621582;499
54;234;5.9539194;499
446;1080;34.29806;499
199;720;20.112982;499
123;540;12.655504;499
65;360;7.128225;499
86;432;8.534039;499
34;234;3.0831962;499
275;1080;18.133467;499
126;720;8.209393;499
78;540;5.0272355;499
42;360;3.375124;499
55;432;3.7009892;499
23;234;2.0911813;499
246;1080;17.142057;499
114;720;7.048641;499
69;540;3.9761567;499
38;360;2.3767424;499
50;432;2.791638;499
20;234;1.1469109;499
3622;720;93.04059;500
8374;1080;94.97665;500
1487;432;80.63057;500
1135;360;73.93525;500
2259;540;88.22336;500
573;234;45.981922;500
6525;1080;94.504684;500
1736;540;86.19096;500
2774;720;91.594444;500
882;360;70.180145;500
447;234;45.14388;500
1155;432;78.26515;500
2153;720;88.486984;500
4993;1080;93.30676;500
1347;540;82.01106;500
688;360;67.5058;500
905;432;75.06975;500
349;234;42.73456;500
3827;1080;92.432785;500
1683;720;86.024826;500
1055;540;78.62457;500
540;360;65.30089;500
710;432;71.83563;500
273;234;39.46248;500
2969;1080;90.90005;500
1330;720;83.113205;500
833;540;76.23125;500
426;360;60.75608;500
561;432;68.10681;500
215;234;35.65511;500
2344;1080;88.95458;500
1061;720;79.943756;500
664;540;72.26501;500
337;360;54.939686;500
445;432;62.227318;500
171;234;31.491003;500
1860;1080;85.47386;500
851;720;73.51182;500
528;540;66.29553;500
268;360;49.948643;500
355;432;59.19944;500
135;234;27.832735;500
1097;1080;72.832954;500
500;720;60.876736;500
306;540;50.599106;500
155;360;35.463997;500
206;432;41.756695;500
78;234;15.297376;500
667;1080;58.37649;500
303;720;39.72455;500
184;540;30.353136;500
93;360;17.868177;500
123;432;22.266386;500
46;234;5.972054;500
423;1080;34.945923;500
192;720;20.304892;500
116;540;12.710514;500
58;360;7.138415;500
78;432;8.517629;500
29;234;3.0856442;500
263;1080;18.210213;500
121;720;8.223187;500
72;540;5.0310354;500
36;360;3.3905296;500
48;432;3.7025223;500
18;234;2.0935385;500
243;1080;17.154856;500
110;720;7.0601172;500
66;540;3.979145;500
33;360;2.390645;500
44;432;2.7895145;500
17;234;1.1479038;500
3816;540;90.24512;503
2031;360;75.15286;503
6015;720;94.73576;503
10455;1080;95.30653;503
2644;432;83.085785;503
1012;234;48.48868;503
8747;1080;94.97319;503
4674;720;93.19616;503
2979;540;87.523186;503
1580;360;72.36486;503
2053;432;79.77526;503
788;234;45.390663;503
7157;1080;82.13304;503
3640;720;90.88114;503
2323;540;83.69223;503
1231;360;67.96372;503
1598;432;76.08577;503
612;234;41.91493;503
5728;1080;93.77948;503
2848;720;87.708206;503
1817;540;80.22712;503
962;360;64.544525;503
1249;432;72.5841;503
477;234;38.600033;503
4552;1080;92.559235;503
1426;540;75.90632;503
2239;720;84.12271;503
752;360;58.04251;503
978;432;66.46269;503
371;234;34.277294;503
1769;720;79.32649;503
3608;1080;90.37366;503
1123;540;69.68507;503
589;360;51.12715;503
768;432;61.425762;503
289;234;30.415655;503
2875;1080;85.91703;503
1404;720;72.01424;503
887;540;62.9594;503
462;360;46.616665;503
604;432;54.742104;503
225;234;27.080229;503
1674;1080;71.222855;503
799;720;52.352264;503
497;540;43.119072;503
334;432;37.35223;503
254;360;31.961504;503
121;234;14.72594;503
466;720;34.284203;503
1018;1080;51.332623;503
285;540;27.115686;503
142;360;16.198246;503
189;432;20.504143;503
67;234;5.947102;503
170;540;12.362828;503
82;360;6.807491;503
111;432;8.5997715;503
644;1080;30.01899;503
284;720;18.208326;503
38;234;3.142541;503
389;1080;17.453493;503
166;720;8.145069;503
96;540;5.0476913;503
45;360;3.2472816;503
61;432;3.724719;503
20;234;2.1566997;503
353;1080;16.760803;503
149;720;7.002003;503
85;540;3.9827785;503
40;360;2.2504454;503
55;432;2.825226;503
18;234;1.2117435;503
1563;360;71.514854;506
5054;720;92.83633;506
2111;432;80.10922;506
9902;1080;96.59384;506
3102;540;88.24486;506
762;234;41.375446;506
7748;1080;95.965195;506
3854;720;92.950264;506
2369;540;85.65248;506
1199;360;69.482834;506
1621;432;78.28757;506
588;234;40.332607;506
2947;720;90.36963;506
917;360;66.34057;506
453;234;37.92039;506
1240;432;74.68306;506
4597;1080;94.082565;506
2269;720;86.32333;506
709;360;62.96962;506
1399;540;78.216324;506
958;432;70.664795;506
1742;720;85.08421;506
3580;1080;93.367386;506
350;234;35.008366;506
1082;540;76.25841;506
550;360;58.540714;506
739;432;67.798935;506
273;234;30.875536;506
2795;1080;91.65068;506
1347;720;81.17122;506
838;540;72.59413;506
425;360;53.805847;506
575;432;62.09834;506
213;234;26.751099;506
2196;1080;86.67273;506
1050;720;75.0096;506
656;540;67.08008;506
335;360;49.87972;506
447;432;59.98202;506
168;234;23.082235;506
1238;1080;74.38164;506
580;720;62.993366;506
363;540;51.206722;506
186;360;34.552273;506
248;432;43.040543;506
96;234;12.411952;506
721;1080;60.018612;506
343;720;42.124836;506
216;540;32.948277;506
112;360;17.281618;506
149;432;23.460905;506
58;234;6.0816083;506
226;720;22.942896;506
464;1080;36.669933;506
143;540;15.702302;506
74;360;7.357494;506
99;432;10.103507;506
293;1080;19.58863;506
37;234;2.9148722;506
146;720;9.885486;506
89;540;6.821041;506
62;432;4.9275823;506
46;360;3.593638;506
24;234;1.9277864;506
264;1080;17.834711;506
131;720;8.582887;506
82;540;5.500789;506
41;360;2.596368;506
22;234;0.9926412;506
56;432;4.0872507;506
12136;1080;95.5786;507
6193;720;94.450264;507
3916;540;90.21496;507
2640;432;82.769485;507
1953;360;74.68658;507
893;234;45.08791;507
9557;1080;95.59706;507
4797;720;93.337555;507
3029;540;87.49132;507
1509;360;71.80256;507
2039;432;79.51649;507
688;234;42.421497;507
3700;720;90.86335;507
2331;540;83.489845;507
1158;360;67.29787;507
1567;432;75.79671;507
527;234;39.661877;507
5805;1080;94.28088;507
2853;720;87.67485;507
1790;540;79.94701;507
886;360;64.05559;507
1200;432;71.91503;507
4526;1080;92.9615;507
400;234;36.78878;507
2200;720;84.020996;507
1373;540;75.57729;507
676;360;57.609085;507
916;432;66.52871;507
304;234;32.665485;507
3518;1080;90.850876;507
1696;720;79.64439;507
1051;540;70.70728;507
513;360;52.407658;507
697;432;61.333984;507
230;234;28.764086;507
2745;1080;86.26219;507
800;540;64.424706;507
528;432;56.698452;507
1304;720;72.47128;507
389;360;48.349583;507
174;234;25.299284;507
1498;1080;72.492966;507
669;720;56.395267;507
402;540;48.120583;507
193;360;33.449043;507
263;432;40.717674;507
828;1080;54.679977;507
205;540;31.002409;507
88;234;13.376258;507
348;720;38.867535;507
134;432;22.510334;507
99;360;16.745464;507
47;234;6.0430856;507
196;720;20.886473;507
461;1080;34.522156;507
116;540;13.829396;507
57;360;6.6430926;507
77;432;8.927816;507
27;234;3.2669482;507
275;1080;18.332603;507
120;720;8.520448;507
35;360;3.2373714;507
47;432;4.0514283;507
17;234;2.2814453;507
70;540;5.661838;507
251;1080;17.10013;507
64;540;4.5254865;507
109;720;7.3574996;507
43;432;3.1939526;507
31;360;2.238749;507
15;234;1.3456829;507
4501;540;90.866684;513
7074;720;94.92732;513
12186;1080;95.167;513
2248;360;75.47691;513
3022;432;84.10173;513
10225;1080;95.29109;513
1058;234;48.631405;513
5468;720;94.533035;513
1745;360;73.04285;513
3488;540;88.68218;513
8378;1080;84.1513;513
824;234;45.393093;513
2332;432;80.46185;513
2685;540;84.59276;513
4215;720;91.13454;513
638;234;41.729053;513
1351;360;68.42044;513
1795;432;76.48694;513
6750;1080;94.28372;513
2067;540;80.54276;513
3250;720;88.13163;513
1043;360;65.008514;513
1383;432;72.786514;513
495;234;38.42362;513
2514;720;84.72537;513
5347;1080;92.89929;513
1593;540;76.18717;513
805;360;58.33865;513
1064;432;66.234116;513
381;234;34.08385;513
4199;1080;89.88251;513
1945;720;79.47403;513
1228;540;69.17363;513
620;360;50.855747;513
293;234;30.267708;513
3294;1080;86.3745;513
1507;720;71.965805;513
947;540;62.80496;513
818;432;61.45989;513
225;234;26.961494;513
477;360;46.52375;513
629;432;54.08964;513
1805;1080;70.75566;513
806;720;52.285;513
497;540;43.18945;513
248;360;32.069763;513
329;432;37.54466;513
1006;1080;51.510452;513
116;234;14.657322;513
439;720;35.13147;513
267;540;27.733307;513
130;360;16.334375;513
175;432;20.830938;513
61;234;5.969439;513
585;1080;31.011538;513
248;720;18.883976;513
149;540;12.546589;513
73;360;6.7692513;513
98;432;8.599225;513
33;234;3.1686625;513
357;1080;17.617682;513
149;720;8.176172;513
85;540;5.086887;513
39;360;3.2540107;513
54;432;3.7445946;513
18;234;2.1812859;513
135;720;7.0288477;513
329;1080;16.783913;513
77;540;4.020131;513
49;432;2.844498;513
35;360;2.255673;513
16;234;1.2363079;513
12308;1080;95.203995;514
4860;540;91.06402;514
3387;432;85.16633;514
2567;360;76.09502;514
7574;720;94.98511;514
10250;1080;95.35112;514
1253;234;50.97082;514
2629;432;81.2888;514
3806;540;89.256195;514
967;234;47.161446;514
5932;720;94.54927;514
1990;360;73.902756;514
2030;432;77.099045;514
8492;1080;94.88485;514
4628;720;91.24344;514
2956;540;72.03992;514
1534;360;69.50803;514
741;234;42.82033;514
3594;720;88.51658;514
6949;1080;94.33146;514
2278;540;80.987885;514
1174;360;65.57921;514
1558;432;73.063774;514
564;234;39.022873;514
5584;1080;93.01907;514
2780;720;85.0965;514
895;360;59.256477;514
1749;540;76.24458;514
428;234;34.365005;514
1190;432;66.67219;514
4413;1080;89.86027;514
1338;540;68.972824;514
2142;720;79.76586;514
680;360;50.89043;514
905;432;60.94698;514
323;234;30.61561;514
3478;1080;86.46211;514
1644;720;71.82892;514
1019;540;62.559624;514
515;360;46.83085;514
687;432;52.949093;514
244;234;27.390905;514
1898;1080;70.350464;514
520;540;42.05484;514
850;720;51.561344;514
260;360;32.596928;514
123;234;15.044552;514
348;432;36.873688;514
1056;1080;51.299133;514
454;720;34.545914;514
275;540;27.31717;514
184;432;20.582994;514
137;360;17.091242;514
65;234;5.9236503;514
617;1080;30.595852;514
263;720;18.529987;514
157;540;12.370689;514
77;360;7.312806;514
36;234;3.0689058;514
104;432;8.568882;514
360;1080;17.803232;514
92;540;5.0313544;514
156;720;8.144104;514
44;360;3.4521785;514
60;432;3.7004457;514
21;234;2.0792942;514
326;1080;16.997644;514
141;720;6.998264;514
83;540;3.9708724;514
39;360;2.455358;514
54;432;2.7925062;514
19;234;1.134345;514
12237;1080;95.21517;515
4565;540;90.89066;515
2345;360;75.57561;515
7182;720;94.930725;515
3075;432;84.1144;515
1103;234;48.548645;515
5565;720;94.5272;515
3551;540;88.78676;515
10216;1080;95.35059;515
8399;1080;94.87804;515
1826;360;73.30107;515
860;234;45.252293;515
2380;432;80.54494;515
4306;720;91.15128;515
2746;540;84.584625;515
1415;360;68.68825;515
667;234;41.31715;515
1837;432;76.55015;515
3326;720;88.22293;515
6794;1080;94.34032;515
1096;360;65.26399;515
2121;540;80.60281;515
1420;432;72.794495;515
5452;1080;92.980934;515
517;234;38.077568;515
1640;540;76.14488;515
2578;720;84.83255;515
846;360;58.485767;515
399;234;33.66408;515
1095;432;66.22797;515
4245;1080;89.91729;515
1999;720;79.527435;515
1267;540;69.041435;515
652;360;50.602085;515
845;432;61.356495;515
306;234;29.88923;515
3378;1080;86.42506;515
1553;720;71.98901;515
501;360;46.37669;515
979;540;62.87882;515
235;234;26.63391;515
649;432;53.568665;515
1836;1080;70.72868;515
517;540;42.563873;515
833;720;51.99262;515
260;360;31.5201;515
342;432;37.193787;515
121;234;14.385728;515
1030;1080;51.401875;515
456;720;34.66007;515
280;540;27.518326;515
138;360;16.013908;515
183;432;20.737207;515
607;1080;30.726109;515
64;234;5.982902;515
259;720;18.730484;515
156;540;12.644025;515
75;360;6.688279;515
86;540;5.1666827;515
361;1080;17.63946;515
102;432;8.658648;515
150;720;8.195084;515
34;234;3.222949;515
18;234;2.237553;515
40;360;3.2454352;515
55;432;3.7888684;515
330;1080;16.78768;515
136;720;7.047894;515
77;540;4.089436;515
49;432;2.8961225;515
35;360;2.2486725;515
16;234;1.292575;515
7615;720;95.00372;516
2599;360;75.97498;516
12350;1080;95.13893;516
4899;540;91.08407;516
3421;432;85.12883;516
10287;1080;95.28933;516
3840;540;89.31923;516
1273;234;50.6059;516
5969;720;94.56442;516
2018;360;73.8006;516
2659;432;81.34285;516
8527;1080;94.82757;516
985;234;47.02413;516
4661;720;91.34448;516
755;234;42.630035;516
2986;540;72.4199;516
1557;360;69.46194;516
2055;432;77.14298;516
3623;720;88.55896;516
2305;540;81.03081;516
1195;360;65.15448;516
6988;1080;94.262314;516
1581;432;73.03618;516
575;234;38.742207;516
5622;1080;92.96549;516
2807;720;85.138306;516
1772;540;76.26499;516
912;360;58.9001;516
1209;432;66.63245;516
437;234;34.09424;516
4456;1080;89.78631;516
2165;720;79.776024;516
1358;540;68.97746;516
694;360;50.489887;516
922;432;60.783043;516
331;234;30.361567;516
3500;1080;86.40923;516
1037;540;62.559887;516
1665;720;71.857285;516
527;360;46.220882;516
250;234;27.164682;516
701;432;52.78225;516
1925;1080;70.24985;516
865;720;51.41948;516
532;540;41.73845;516
357;432;36.565506;516
267;360;31.68308;516
1078;1080;51.0429;516
126;234;14.857608;516
465;720;34.27398;516
283;540;27.10087;516
141;360;16.335827;516
189;432;20.463594;516
67;234;5.9332676;516
628;1080;30.291367;516
270;720;18.431604;516
161;540;12.35913;516
107;432;8.564448;516
79;360;6.861754;516
366;1080;17.639305;516
37;234;3.1062407;516
160;720;8.146229;516
45;360;3.2516875;516
94;540;5.02408;516
61;432;3.6994991;516
21;234;2.1181917;516
331;1080;16.866198;516
145;720;7.000247;516
84;540;3.9629412;516
40;360;2.2548504;516
55;432;2.7954037;516
19;234;1.1732429;516
5776;432;84.40532;517
7853;540;92.54141;517
17705;1080;87.09245;517
12243;720;93.047676;517
2187;234;46.609943;517
14813;1080;90.51187;517
4413;360;78.820755;517
9882;720;92.94852;517
6357;540;91.60386;517
3519;360;77.00549;517
4609;432;83.26068;517
1737;234;44.866306;517
7934;720;92.35192;517
12417;1080;92.67411;517
2781;360;73.29177;517
5107;540;89.09125;517
3650;432;80.6319;517
1366;234;42.657288;517
6343;720;89.0567;517
10406;1080;93.20758;517
2870;432;75.29396;517
2181;360;67.40357;517
4076;540;84.87947;517
1063;234;37.318928;517
8696;1080;92.70195;517
5037;720;85.06067;517
1693;360;58.435116;517
3222;540;78.35933;517
2237;432;68.25022;517
818;234;30.693312;517
7197;1080;91.8143;517
2528;540;69.73448;517
3980;720;80.2279;517
1306;360;51.861214;517
1733;432;59.096947;517
625;234;25.328634;517
5925;1080;87.2749;517
3126;720;75.36886;517
1969;540;64.02129;517
1000;360;45.85143;517
1333;432;53.68314;517
3515;1080;70.54415;517
474;234;21.086832;517
1682;720;50.84476;517
1029;540;42.049797;517
504;360;28.126266;517
680;432;33.880188;517
233;234;11.952129;517
2026;1080;51.01073;517
897;720;34.748363;517
537;540;26.458275;517
350;432;20.112122;517
257;360;15.203477;517
117;234;5.9453063;517
1210;1080;29.636234;517
516;720;18.828722;517
143;360;7.1352634;517
304;540;13.539916;517
195;432;9.630005;517
65;234;3.000133;517
752;1080;17.483854;517
177;540;6.008764;517
306;720;9.11523;517
81;360;3.443441;517
112;432;4.4113116;517
36;234;2.020097;517
276;720;7.8561425;517
688;1080;17.06994;517
159;540;4.7741537;517
72;360;2.4440603;517
101;432;3.5799026;517
32;234;1.0859641;517
2825;432;82.438705;521
6637;720;93.92705;521
4170;540;90.45172;521
11767;1080;95.9981;521
2116;360;74.231895;521
1015;234;44.761265;521
9757;1080;96.028076;521
5189;720;93.57617;521
3259;540;87.94655;521
1651;360;71.61302;521
2199;432;79.89125;521
792;234;41.670124;521
8050;1080;95.54524;521
4049;720;91.005875;521
2534;540;83.893974;521
1285;360;67.70014;521
615;234;38.536327;521
1711;432;76.047775;521
3164;720;88.026764;521
6539;1080;94.99531;521
1972;540;80.09219;521
1000;360;64.53498;521
1331;432;72.424355;521
477;234;35.674107;521
5258;1080;93.647644;521
2477;720;84.62811;521
1537;540;75.88382;521
776;360;58.37802;521
370;234;31.225077;521
1032;432;65.914764;521
4216;1080;90.6384;521
1944;720;79.9851;521
1201;540;69.68016;521
804;432;61.577473;521
603;360;52.064423;521
287;234;27.368261;521
3328;1080;87.12898;521
1530;720;72.74362;521
939;540;64.15476;521
470;360;48.105682;521
626;432;54.964863;521
224;234;23.936796;521
1901;1080;71.465996;521
855;720;53.872578;521
519;540;44.011105;521
257;360;31.936789;521
344;432;38.357517;521
123;234;12.612021;521
492;720;35.792408;521
1097;1080;52.71536;521
297;540;28.698198;521
146;360;16.22034;521
196;432;21.327938;521
70;234;5.999126;521
679;1080;31.329771;521
302;720;19.733538;521
181;540;13.82922;521
89;360;7.0361934;521
43;234;3.0566878;521
119;432;9.310179;521
438;1080;18.091509;521
193;720;8.922797;521
114;540;5.9234834;521
55;360;3.407971;521
74;432;4.281834;521
26;234;2.0716095;521
406;1080;17.231173;521
176;720;7.783681;521
49;360;2.407908;521
104;540;4.731821;521
67;432;3.4429722;521
23;234;1.1369277;521
6947;720;94.909355;525
4539;540;90.88803;525
2500;360;75.8022;525
3240;432;84.5195;525
12434;1080;95.137726;525
1292;234;49.930157;525
9943;1080;95.315704;525
5525;720;94.54286;525
3609;540;88.898926;525
2576;432;81.11516;525
1987;360;73.68437;525
1023;234;46.773018;525
4400;720;91.167404;525
2867;540;84.847275;525
7960;1080;83.501434;525
1571;360;69.479225;525
803;234;42.38784;525
2042;432;77.05846;525
6382;1080;94.19318;525
3509;720;88.47739;525
2275;540;80.93674;525
1237;360;64.878044;525
626;234;38.174828;525
5125;1080;92.86461;525
1613;432;73.035355;525
1800;540;76.303925;525
2795;720;85.158585;525
968;360;58.952427;525
1268;432;66.793655;525
484;234;33.411373;525
4124;1080;89.95062;525
2220;720;79.78261;525
752;360;50.735653;525
1418;540;69.09861;525
991;432;60.396935;525
371;234;29.716597;525
3329;1080;86.37898;525
1111;540;62.854107;525
1754;720;71.89264;525
581;360;45.25725;525
770;432;52.161186;525
282;234;26.480703;525
1959;1080;70.19899;525
957;720;50.627926;525
591;540;40.971325;525
298;360;30.55329;525
402;432;35.230694;525
141;234;14.377735;525
1156;1080;50.936077;525
517;720;33.286762;525
310;540;26.577421;525
151;360;15.929132;525
207;432;20.215723;525
70;234;5.953789;525
675;1080;29.679935;525
170;540;12.452678;525
291;720;18.111765;525
80;360;6.7515845;525
111;432;8.634726;525
37;234;3.1797662;525
385;1080;17.498981;525
165;720;8.154526;525
94;540;5.098785;525
43;360;3.2460709;525
60;432;3.7545147;525
20;234;2.194109;525
350;1080;16.766518;525
148;720;7.011499;525
84;540;4.026246;525
39;360;2.2476797;525
18;234;1.2491517;525
54;432;2.8592086;525
3883;540;90.31917;529
6042;720;94.7108;529
10275;1080;95.445145;529
2740;432;83.3432;529
2096;360;75.57313;529
4747;720;93.35756;529
1038;234;49.776905;529
8295;1080;94.97055;529
3066;540;87.722305;529
1640;360;72.91982;529
2150;432;80.1373;529
811;234;46.209175;529
6784;1080;94.59971;529
2414;540;83.98674;529
3734;720;90.88965;529
631;234;42.609364;529
1681;432;76.32963;529
1280;360;68.58192;529
5481;1080;93.64705;529
1898;540;80.36458;529
996;360;65.285675;529
1312;432;73.01734;529
2939;720;87.7903;529
488;234;39.29602;529
4399;1080;92.6039;529
2315;720;84.27859;529
771;360;59.51628;529
1488;540;76.21005;529
1021;432;66.54739;529
3545;1080;90.54199;529
374;234;34.83128;529
1162;540;69.56764;529
1822;720;79.32315;529
594;360;52.556057;529
791;432;61.401234;529
285;234;30.978962;529
2869;1080;85.89311;529
1431;720;71.874535;529
904;540;62.819168;529
610;432;54.58966;529
456;360;48.075375;529
217;234;27.640879;529
1668;1080;71.22612;529
776;720;52.569424;529
233;360;33.924435;529
478;540;43.74682;529
316;432;37.950817;529
110;234;15.236329;529
976;1080;52.0947;529
425;720;35.47253;529
258;540;27.890541;529
125;360;17.816492;529
170;432;20.914175;529
59;234;5.93317;529
603;1080;30.903505;529
255;720;18.657461;529
151;540;12.463641;529
73;360;7.6378036;529
99;432;8.585937;529
34;234;3.0483341;529
345;1080;17.939047;529
144;720;8.158459;529
84;540;5.08634;529
40;360;3.6047363;529
19;234;2.058207;529
55;432;3.7167883;529
307;1080;17.09295;529
128;720;7.0135;529
75;540;4.026961;529
49;432;2.8049912;529
36;360;2.6063874;529
17;234;1.1132386;529
4915;1080;93.66695;538
1130;540;84.64339;538
2001;720;89.33074;538
709;432;78.37056;538
509;360;70.38312;538
3580;1080;92.68808;538
253;234;43.022465;538
1475;720;89.143616;538
400;360;68.914955;538
854;540;83.70222;538
204;234;42.683544;538
547;432;76.56975;538
2584;1080;76.816376;538
1101;720;87.20986;538
653;540;79.81906;538
318;360;66.799515;538
166;234;41.04765;538
426;432;73.41229;538
1866;1080;90.59786;538
832;720;85.628296;538
504;540;78.53157;538
254;360;65.57645;538
336;432;70.75287;538
134;234;38.133106;538
390;540;78.60911;538
1375;1080;89.47819;538
635;720;83.78378;538
266;432;67.998215;538
204;360;61.018906;538
1020;1080;88.37402;538
108;234;34.253033;538
489;720;81.86315;538
163;360;55.941006;538
305;540;74.84482;538
212;432;66.62314;538
774;1080;87.242226;538
385;720;76.00176;538
88;234;30.224699;538
241;540;70.51614;538
169;432;63.29941;538
131;360;50.562447;538
70;234;26.397219;538
218;720;68.2473;538
429;1080;76.917694;538
42;234;14.236146;538
139;540;57.409027;538
99;432;45.757763;538
77;360;36.51162;538
244;1080;68.30822;538
83;540;35.255527;538
127;720;47.547054;538
46;360;17.952503;538
59;432;24.661175;538
26;234;6.1704326;538
78;720;24.423922;538
142;1080;44.550957;538
51;540;14.527899;538
37;432;8.733336;538
29;360;6.5359974;538
85;1080;20.668406;538
16;234;3.3757544;538
46;720;8.728608;538
17;360;3.2118769;538
30;540;5.516175;538
21;432;3.9556084;538
10;234;2.3876643;538
77;1080;17.773214;538
40;720;7.452127;538
26;540;4.428328;538
15;360;2.2106652;538
19;432;3.0724397;538
8;234;1.4459791;538
2136;360;75.05725;559
3896;540;90.194855;559
2762;432;82.91719;559
6367;720;94.48996;559
11666;1080;95.61477;559
1108;234;46.722424;559
9352;1080;95.534035;559
4863;720;93.511795;559
3026;540;87.48675;559
1658;360;72.42382;559
2133;432;79.803116;559
863;234;43.361023;559
7586;1080;95.04436;559
2351;540;83.54698;559
3719;720;90.87484;559
1291;360;67.85482;559
1653;432;75.98183;559
672;234;39.424633;559
5971;1080;94.41639;559
2861;720;87.68731;559
1835;540;80.00679;559
1288;432;72.31007;559
1010;360;64.6432;559
525;234;36.560383;559
1441;540;75.76492;559
4689;1080;93.034904;559
2221;720;84.03473;559
1010;432;65.96117;559
794;360;58.38847;559
3651;1080;90.74769;559
411;234;32.018375;559
1745;720;79.60147;559
626;360;51.425785;559
1140;540;69.88969;559
322;234;28.23791;559
798;432;61.55476;559
2849;1080;86.39992;559
1385;720;72.31908;559
907;540;63.821053;559
253;234;24.99966;559
496;360;47.142437;559
633;432;54.360935;559
1643;1080;71.91675;559
811;720;53.00299;559
283;360;30.65064;559
364;432;37.077805;559
526;540;43.180546;559
141;234;12.975825;559
1023;1080;52.04263;559
318;540;27.600115;559
499;720;34.28278;559
168;360;15.430013;559
83;234;5.963974;559
219;432;20.52698;559
684;1080;30.236643;559
326;720;18.267416;559
203;540;13.222879;559
104;360;6.64789;559
138;432;9.025282;559
451;1080;17.510073;559
51;234;3.2601504;559
212;720;8.347456;559
64;360;3.198423;559
129;540;5.599257;559
415;1080;16.859081;559
30;234;2.2818909;559
86;432;4.033487;559
194;720;7.2126155;559
118;540;4.4380846;559
78;432;3.1966887;559
27;234;1.3469303;559
58;360;2.197318;559
10954;1080;95.2988;561
3329;540;89.49744;561
1693;360;74.314285;561
5486;720;94.65953;561
2227;432;82.10445;561
832;234;47.318645;561
8649;1080;94.98241;561
4091;720;93.07474;561
2503;540;86.843994;561
1675;432;78.83656;561
635;234;45.17659;561
1282;360;71.15021;561
6735;1080;94.50134;561
3051;720;90.45155;561
1882;540;83.34251;561
975;360;67.23825;561
1267;432;75.766396;561
485;234;42.37763;561
5184;1080;93.315506;561
2301;720;86.375565;561
1431;540;79.189896;561
748;360;63.914494;561
967;432;71.690155;561
373;234;39.059208;561
3967;1080;92.346664;561
1752;720;83.71289;561
1096;540;76.02025;561
577;360;58.900745;561
745;432;68.022095;561
287;234;35.077396;561
3047;1080;90.32816;561
1351;720;79.58237;561
849;540;70.859726;561
447;360;53.06476;561
578;432;61.356606;561
222;234;31.050673;561
2366;1080;84.91831;561
1054;720;72.726105;561
662;540;64.64739;561
348;360;48.23839;561
451;432;57.21001;561
172;234;27.542212;561
1315;1080;72.25071;561
585;720;58.564735;561
365;540;48.294437;561
189;360;34.107098;561
247;432;40.341404;561
91;234;15.100776;561
739;1080;56.120167;561
329;720;38.776257;561
203;540;29.714655;561
103;360;17.196062;561
137;432;21.819607;561
50;234;5.970564;561
430;1080;34.683014;561
192;720;20.320547;561
117;540;12.723241;561
59;360;6.8608027;561
78;432;8.512525;561
28;234;3.107041;561
243;1080;18.295305;561
112;720;8.260893;561
68;540;5.039779;561
34;360;3.2696257;561
45;432;3.702825;561
17;234;2.1153984;561
222;1080;17.150114;561
102;720;7.087973;561
62;540;3.988546;561
31;360;2.2697692;561
41;432;2.7899299;561
15;234;1.1704103;561
7762;1080;95.23611;564
2701;720;91.66309;564
1536;540;89.798325;564
711;360;76.48549;564
944;432;81.793015;564
5419;1080;94.18671;564
1869;720;89.12041;564
1098;540;86.254135;564
331;234;53.382164;564
534;360;75.22451;564
694;432;80.59278;564
3750;1080;93.26362;564
255;234;52.807236;564
1315;720;87.78127;564
802;540;83.33783;564
523;432;76.44595;564
405;360;73.72388;564
197;234;50.887226;564
2636;1080;90.337006;564
966;720;85.148346;564
312;360;72.67215;564
400;432;73.31818;564
601;540;79.72026;564
155;234;47.15465;564
1891;1080;89.43176;564
735;720;83.21175;564
245;360;67.97875;564
314;432;70.50377;564
466;540;79.45243;564
368;540;75.66672;564
580;720;81.2142;564
1398;1080;88.340256;564
122;234;42.431007;564
196;360;62.242405;564
251;432;67.47096;564
1064;1080;86.5143;564
98;234;38.16894;564
468;720;75.58777;564
297;540;70.60967;564
157;360;56.361675;564
203;432;64.1131;564
79;234;34.47525;564
608;1080;75.61997;564
287;720;66.47628;564
181;540;57.673218;564
96;360;41.966;564
48;234;20.840118;564
125;432;47.051968;564
361;1080;66.03386;564
75;432;27.178156;564
110;540;36.4201;564
174;720;44.96509;564
58;360;23.48334;564
29;234;8.983673;564
64;540;16.489748;564
103;720;22.938623;564
217;1080;42.489693;564
33;360;10.415877;564
43;432;10.908126;564
125;1080;20.9133;564
56;720;8.52584;564
17;234;4.422472;564
35;540;7.213881;564
19;360;4.81913;564
111;1080;18.562618;564
24;432;5.505808;564
10;234;3.3127804;564
50;720;7.27051;564
32;540;6.005586;564
17;360;3.8178873;564
22;432;4.658232;564
9;234;2.3670669;564
1972;432;81.25597;565
9705;1080;95.65155;565
4709;720;93.38863;565
2878;540;88.9314;565
1512;360;73.47383;565
7686;1080;95.08136;565
769;234;44.006405;565
3517;720;92.68097;565
2178;540;85.95073;565
1154;360;70.46268;565
590;234;42.48714;565
1495;432;78.22603;565
2648;720;89.79759;565
5982;1080;94.4581;565
1662;540;82.99051;565
887;360;66.55791;565
455;234;39.947746;565
1146;432;74.73356;565
4582;1080;93.19928;565
2014;720;85.861115;565
1280;540;78.32811;565
688;360;62.860302;565
885;432;71.522026;565
352;234;37.035126;565
995;540;76.688736;565
537;360;58.2259;565
3499;1080;92.42457;565
1550;720;83.59403;565
690;432;67.726746;565
423;360;53.07577;565
1211;720;80.049835;565
782;540;72.16837;565
543;432;61.738533;565
2675;1080;90.61273;565
274;234;33.007652;565
214;234;29.011263;565
2069;1080;85.75409;565
621;540;66.1535;565
958;720;73.44527;565
334;360;48.834538;565
429;432;58.697906;565
1168;1080;73.165276;565
167;234;25.493937;565
559;720;60.09829;565
360;540;49.70812;565
248;432;41.210537;565
191;360;33.439014;565
719;1080;57.33221;565
94;234;13.440967;565
342;720;39.00987;565
218;540;30.46138;565
113;360;16.330273;565
55;234;6.038381;565
148;432;22.01628;565
461;1080;34.432415;565
136;540;13.590537;565
70;360;6.596425;565
218;720;20.215988;565
92;432;8.918032;565
134;720;8.452212;565
41;360;3.2009864;565
284;1080;18.214258;565
82;540;5.612101;565
34;234;3.2968159;565
20;234;2.3139803;565
55;432;4.019685;565
258;1080;17.042265;565
74;540;4.477505;565
121;720;7.297587;565
37;360;2.202279;565
49;432;3.1625977;565
17;234;1.3774619;565
4397;540;90.77386;568
12930;1080;95.05437;568
7137;720;94.89421;568
2272;360;75.44551;568
3036;432;83.98239;568
1118;234;48.417217;568
5518;720;94.49389;568
3428;540;88.53436;568
1773;360;73.08162;568
10545;1080;95.34245;568
2360;432;80.477135;568
878;234;45.169514;568
2668;540;84.56082;568
8477;1080;94.91795;568
4267;720;91.13656;568
1387;360;68.5264;568
1838;432;76.531815;568
688;234;41.175247;568
6734;1080;94.37648;568
2080;540;80.5211;568
3306;720;88.18878;568
1084;360;65.265305;568
1432;432;72.792046;568
539;234;37.85097;568
2567;720;84.80637;568
5261;1080;92.97671;568
1621;540;76.14121;568
846;360;58.504093;568
1116;432;66.22635;568
4117;1080;90.03465;568
420;234;33.350826;568
2002;720;79.52797;568
1266;540;69.053925;568
661;360;50.598988;568
328;234;29.572788;568
871;432;61.186394;568
3237;1080;86.48314;568
1568;720;71.99751;568
991;540;62.936466;568
682;432;53.12975;568
517;360;46.34956;568
256;234;26.370462;568
1810;1080;70.882416;568
874;720;51.51766;568
547;540;41.858356;568
284;360;30.748629;568
376;432;36.132057;568
140;234;14.047545;568
1070;1080;51.21762;568
508;720;33.535084;568
316;540;26.719065;568
162;360;15.582146;568
215;432;20.198711;568
80;234;5.9586344;568
689;1080;29.636744;568
321;720;17.80438;568
197;540;12.529573;568
99;360;6.656224;568
133;432;8.744981;568
48;234;3.2481427;568
457;1080;17.237202;568
208;720;8.124512;568
125;540;5.18685;568
61;360;3.2067823;568
83;432;3.8102918;568
29;234;2.2657661;568
424;1080;16.71924;568
191;720;6.9876847;568
114;540;4.081964;568
55;360;2.2063437;568
76;432;2.9380176;568
26;234;1.3215536;568
5324;540;91.25024;571
8129;720;95.08901;571
2860;360;76.21325;571
13297;1080;94.754715;571
3717;432;85.202866;571
6483;720;94.63237;571
1485;234;50.529263;571
4265;540;90.07031;571
11082;1080;95.140305;571
2293;360;74.155106;571
2974;432;82.23771;571
1195;234;47.41721;571
9268;1080;94.816956;571
5158;720;92.784134;571
3393;540;86.209045;571
1837;360;70.78163;571
961;234;42.84927;571
2378;432;78.12789;571
4128;720;88.939865;571
7752;1080;94.02258;571
2706;540;82.37906;571
1906;432;73.81403;571
1472;360;65.74855;571
3311;720;85.434654;571
769;234;38.288166;571
6329;1080;92.96055;571
2162;540;76.32608;571
1177;360;59.094795;571
1523;432;67.05846;571
614;234;32.39645;571
5094;1080;89.785194;571
2660;720;80.39761;571
1734;540;69.67195;571
1220;432;60.566612;571
942;360;51.286625;571
4124;1080;86.01677;571
486;234;28.670198;571
2143;720;71.932526;571
975;432;50.352516;571
751;360;44.053402;571
1391;540;62.801624;571
385;234;24.785734;571
2493;1080;68.97687;571
807;540;40.439816;571
1255;720;48.928226;571
428;360;28.0867;571
558;432;33.776676;571
214;234;13.432224;571
1555;1080;50.524296;571
746;720;32.438778;571
467;540;25.059515;571
243;360;14.838343;571
318;432;19.181334;571
1006;1080;28.353254;571
119;234;5.879718;571
468;720;16.928713;571
286;540;12.121478;571
143;360;6.6494455;571
191;432;8.839185;571
67;234;3.2298117;571
643;1080;16.741737;571
284;720;8.006172;571
170;540;5.123082;571
81;360;3.1941671;571
110;432;3.7937064;571
38;234;2.2542562;571
591;1080;16.416643;571
256;720;6.895372;571
154;540;4.005197;571
72;360;2.1957302;571
100;432;2.9398546;571
34;234;1.3107917;571
12273;1080;95.41974;579
6389;720;94.599884;579
3825;540;90.13786;579
2632;432;82.90277;579
1971;360;74.808464;579
4753;720;93.28932;579
9402;1080;95.42857;579
989;234;46.51193;579
2906;540;87.24217;579
1509;360;71.88016;579
771;234;43.439682;579
1993;432;79.43019;579
7273;1080;94.86291;579
3575;720;90.82085;579
2221;540;83.38147;579
1527;432;75.7522;579
1164;360;67.47983;579
602;234;40.05192;579
5611;1080;93.938446;579
2717;720;87.47458;579
907;360;64.19571;579
1713;540;79.88034;579
1181;432;71.93141;579
472;234;37.11868;579
4348;1080;92.7377;579
2095;720;83.971245;579
1334;540;75.50668;579
709;360;57.738827;579
924;432;66.55252;579
371;234;32.732426;579
3416;1080;90.698875;579
1637;720;79.60043;579
1049;540;70.51826;579
558;360;51.801605;579
729;432;61.39226;579
291;234;28.914251;579
2710;1080;86.07608;579
832;540;63.962894;579
1296;720;72.39865;579
442;360;47.443027;579
577;432;55.48175;579
229;234;25.620314;579
748;720;53.837906;579
1568;1080;72.07024;579
476;540;44.864056;579
249;360;31.56053;579
328;432;38.12817;579
127;234;13.451697;579
942;1080;52.71865;579
448;720;35.314335;579
281;540;28.201218;579
145;360;15.603665;579
193;432;20.800524;579
72;234;6.024829;579
609;1080;31.078096;579
287;720;18.576658;579
176;540;13.109393;579
88;360;6.5458627;579
119;432;8.879596;579
43;234;3.357777;579
387;1080;17.68342;579
178;720;8.308205;579
108;540;5.4799666;579
52;360;3.1582227;579
71;432;3.947795;579
25;234;2.3775706;579
355;1080;16.826946;579
160;720;7.1681786;579
96;540;4.350942;579
47;360;2.15971;579
23;234;1.4366106;579
64;432;3.0896316;579
13666;1080;94.427055;587
4024;540;90.47506;587
2038;360;75.44456;587
7014;720;94.88168;587
2768;432;83.39064;587
10329;1080;95.373535;587
1528;360;72.43208;587
976;234;49.233982;587
5087;720;94.25792;587
2990;540;87.552734;587
7811;1080;94.80233;587
745;234;45.869335;587
3729;720;90.88878;587
2052;432;79.84491;587
2254;540;83.63669;587
573;234;42.627285;587
1543;432;76.03061;587
1158;360;68.6357;587
5851;1080;94.03577;587
1717;540;80.23944;587
1173;432;72.52564;587
886;360;65.170265;587
2780;720;87.57419;587
444;234;39.322018;587
684;360;59.202038;587
2107;720;83.96394;587
4425;1080;92.61058;587
1320;540;75.75321;587
902;432;67.338326;587
345;234;34.9885;587
3410;1080;90.52907;587
1024;540;69.93552;587
1620;720;79.33034;587
531;360;53.272816;587
700;432;61.188103;587
270;234;31.03921;587
1263;720;72.176956;587
2669;1080;85.602615;587
801;540;63.308846;587
418;360;48.523273;587
549;432;55.35864;587
1540;1080;71.72358;587
212;234;27.632809;587
715;720;53.981586;587
453;540;44.739613;587
311;432;38.10017;587
237;360;33.706444;587
121;234;15.141531;587
944;1080;52.45212;587
433;720;35.210075;587
273;540;27.417725;587
142;360;17.40619;587
187;432;20.541819;587
72;234;5.9003644;587
615;1080;30.690365;587
287;720;18.083967;587
177;540;12.29676;587
91;360;7.5782375;587
45;234;3.0437078;587
395;1080;17.714088;587
113;540;5.0478683;587
186;720;8.094078;587
121;432;8.614051;587
57;360;3.5558033;587
28;234;2.0551167;587
77;432;3.7055235;587
363;1080;17.029024;587
170;720;6.95252;587
103;540;3.9741573;587
70;432;2.8058;587
26;234;1.1102344;587
52;360;2.5546627;587
1077;360;80.89498;589
2170;540;94.3925;589
3648;720;93.18879;589
8309;1080;95.78891;589
1436;432;89.561676;589
2691;720;91.496574;589
5916;1080;95.44768;589
1642;540;92.00658;589
553;234;62.632233;589
832;360;77.654495;589
1099;432;86.856705;589
4356;1080;94.15393;589
436;234;62.11694;589
2012;720;88.44976;589
1252;540;88.74951;589
347;234;59.57839;589
850;432;82.59729;589
653;360;76.06349;589
1540;720;86.07504;589
3256;1080;91.902275;589
974;540;83.79028;589
516;360;74.571884;589
277;234;55.904423;589
667;432;78.20401;589
2499;1080;91.033134;589
1199;720;83.08646;589
767;540;82.0237;589
412;360;69.94656;589
222;234;50.744144;589
531;432;74.52154;589
1964;1080;89.46884;589
951;720;80.20573;589
612;540;77.83238;589
428;432;68.83632;589
333;360;63.843983;589
181;234;46.26945;589
1577;1080;86.52166;589
494;540;71.448074;589
271;360;58.499462;589
766;720;73.91963;589
348;432;65.31385;589
147;234;42.92819;589
307;540;58.098843;589
976;1080;73.35395;589
168;360;42.88784;589
475;720;61.376823;589
217;432;49.93144;589
314;720;39.48786;589
653;1080;60.618176;589
90;234;27.43522;589
200;540;37.960625;589
107;360;25.21931;589
57;234;14.468911;589
140;432;30.60229;589
441;1080;36.43552;589
215;720;20.132929;589
135;540;19.958221;589
70;360;12.917601;589
93;432;14.834676;589
36;234;7.674918;589
277;1080;20.0202;589
136;720;8.489931;589
85;540;10.507812;589
44;360;6.033424;589
58;432;8.513189;589
22;234;5.349733;589
253;1080;19.051262;589
76;540;8.716309;589
124;720;7.3362126;589
39;360;4.6841197;589
52;432;7.208636;589
20;234;4.4047966;589
1067;360;79.101105;590
8562;1080;95.52937;590
2130;540;91.1832;590
3546;720;93.00281;590
1411;432;84.718;590
536;234;56.368916;590
1605;540;89.38974;590
2605;720;91.10986;590
6113;1080;94.82509;590
824;360;75.43022;590
420;234;55.466465;590
1080;432;82.06427;590
4391;1080;93.64602;590
1948;720;88.42148;590
643;360;73.78342;590
835;432;79.14822;590
1222;540;85.563065;590
331;234;53.028316;590
3233;1080;91.8758;590
1489;720;85.65248;590
945;540;81.56889;590
503;360;72.37225;590
652;432;75.66812;590
261;234;49.44431;590
2447;1080;89.9704;590
1156;720;82.96417;590
740;540;79.163536;590
397;360;67.88719;590
207;234;44.60715;590
514;432;71.31872;590
1895;1080;88.59213;590
912;720;80.18942;590
586;540;75.40609;590
316;360;61.951904;590
164;234;40.1193;590
408;432;65.6736;590
1501;1080;85.91827;590
729;720;74.036354;590
253;360;56.843925;590
469;540;69.12027;590
892;1080;73.69005;590
131;234;36.513504;590
327;432;62.715126;590
77;234;22.48371;590
277;540;55.751217;590
193;432;46.328976;590
432;720;62.579914;590
149;360;41.41881;590
266;720;41.207783;590
556;1080;63.09725;590
170;540;35.641506;590
91;360;23.666784;590
118;432;27.01615;590
362;1080;37.95727;590
47;234;10.275119;590
172;720;20.944433;590
108;540;17.208439;590
57;360;11.188857;590
224;1080;19.833925;590
75;432;11.799497;590
29;234;5.128504;590
108;720;8.356323;590
67;540;8.246009;590
46;432;6.0702314;590
17;234;3.87435;590
35;360;5.1218405;590
205;1080;18.365442;590
98;720;7.178454;590
61;540;6.8270164;590
31;360;4.098617;590
41;432;5.2276473;590
16;234;2.9287076;590
14258;720;83.909134;592
4193;360;65.81632;592
20321;1080;82.296814;592
8071;540;87.53173;592
5817;432;70.6013;592
6303;540;86.43795;592
1773;234;39.568207;592
16738;1080;85.40869;592
11035;720;86.416794;592
3173;360;62.37112;592
4403;432;69.28961;592
1334;234;38.341232;592
8437;720;86.72853;592
13813;1080;89.28151;592
2372;360;58.224735;592
4862;540;82.19414;592
3290;432;65.22568;592
995;234;36.58822;592
11463;1080;91.374146;592
6378;720;83.757095;592
3698;540;77.46912;592
1755;360;52.52538;592
2430;432;60.200874;592
9500;1080;92.06741;592
737;234;32.378662;592
4772;720;79.93023;592
2773;540;70.669685;592
1288;360;47.27798;592
1779;432;55.24463;592
7752;1080;91.228745;592
3544;720;74.5238;592
542;234;26.947039;592
2056;540;64.989784;592
941;360;42.064663;592
1296;432;50.185623;592
397;234;22.893702;592
6155;1080;86.93283;592
2617;720;68.830864;592
1513;540;59.65398;592
943;432;42.33977;592
686;360;35.480556;592
3141;1080;68.4981;592
291;234;19.492575;592
1241;720;47.522747;592
320;360;22.980879;592
706;540;34.877914;592
437;432;31.647413;592
138;234;11.57297;592
1590;1080;49.08865;592
356;540;21.274462;592
631;720;30.938797;592
164;360;11.532141;592
224;432;15.974517;592
72;234;6.1720862;592
354;720;14.732762;592
889;1080;27.256804;592
200;540;9.388482;592
93;360;5.5783563;592
127;432;6.4922576;592
42;234;2.6842022;592
504;1080;16.524216;592
199;720;6.696241;592
112;540;3.4831662;592
51;360;2.9427543;592
70;432;2.6464262;592
23;234;1.5381545;592
456;1080;15.243015;592
178;720;5.5613885;592
100;540;2.5731082;592
45;360;1.9936101;592
63;432;1.7657994;592
21;234;0.5994116;592
17302;1080;87.5226;594
10447;720;94.94081;594
3477;360;76.920456;594
6513;540;91.642334;594
4600;432;84.65529;594
14496;1080;90.707855;594
8263;720;94.64958;594
5195;540;91.25824;594
1703;234;48.28684;594
3621;432;83.62445;594
1336;234;46.648853;594
2736;360;75.03834;594
11974;1080;93.06099;594
6506;720;93.62896;594
4105;540;87.704254;594
1038;234;41.832695;594
2141;360;71.93141;594
2827;432;79.37996;594
5107;720;89.72936;594
9650;1080;93.25014;594
3225;540;83.616104;594
1663;360;66.38382;594
2197;432;74.591354;594
804;234;37.011173;594
7727;1080;92.53204;594
3989;720;85.34343;594
2520;540;76.73106;594
1283;360;58.672073;594
1696;432;66.89925;594
619;234;31.00905;594
6199;1080;90.93584;594
3124;720;80.5104;594
1957;540;69.43572;594
984;360;51.607075;594
1307;432;60.520863;594
475;234;27.297602;594
4940;1080;86.34487;594
2440;720;73.80987;594
1516;540;63.23318;594
758;360;44.671165;594
1005;432;50.552006;594
1303;720;49.247288;594
365;234;23.60424;594
2729;1080;69.503105;594
800;540;41.19241;594
398;360;28.235624;594
530;432;34.358456;594
192;234;12.705636;594
702;720;33.196583;594
433;540;26.299494;594
1566;1080;51.056183;594
213;360;15.002903;594
428;720;17.688204;594
100;234;5.9269414;594
993;1080;28.9439;594
285;432;19.825163;594
256;540;12.999018;594
165;432;9.077147;594
120;360;6.6575046;594
55;234;3.252491;594
638;1080;17.010237;594
263;720;8.273586;594
153;540;5.5759945;594
98;432;4.0323186;594
71;360;3.1978612;594
31;234;2.2762606;594
585;1080;16.685184;594
236;720;7.1589236;594
136;540;4.412654;594
63;360;2.1979642;594
87;432;3.1992884;594
28;234;1.3415619;594
7841;720;94.583115;596
2406;360;75.164406;596
4563;540;90.74572;596
13463;1080;95.06634;596
3193;432;83.40852;596
11147;1080;95.563286;596
6037;720;94.10983;596
3543;540;88.62644;596
1135;234;46.30805;596
1848;360;72.895645;596
2450;432;80.53145;596
877;234;42.873386;596
9138;1080;95.33058;596
4627;720;91.14404;596
2739;540;84.42088;596
676;234;38.99806;596
1870;432;76.42151;596
1412;360;68.37021;596
7336;1080;94.67542;596
3534;720;88.43985;596
2110;540;80.34453;596
1078;360;64.64195;596
1425;432;72.65728;596
521;234;36.122;596
5793;1080;93.53691;596
2701;720;84.97531;596
1622;540;76.02095;596
826;360;58.616447;596
1089;432;66.030556;596
402;234;31.598326;596
4552;1080;90.2879;596
2072;720;79.74545;596
1251;540;69.2921;596
837;432;61.40314;596
636;360;51.56316;596
311;234;27.81271;596
1598;720;72.35319;596
3536;1080;86.91971;596
970;540;63.818695;596
493;360;47.50704;596
647;432;54.072437;596
242;234;24.506502;596
1909;1080;71.11476;596
527;540;43.415592;596
866;720;52.724148;596
351;432;37.77646;596
131;234;12.8142605;596
268;360;31.332205;596
498;720;34.725986;596
1100;1080;52.071564;596
303;540;28.171343;596
152;360;15.874609;596
202;432;20.962809;596
74;234;5.9574924;596
682;1080;30.652014;596
302;720;18.911993;596
182;540;13.541024;596
91;360;6.831188;596
121;432;9.122634;596
43;234;3.1503263;596
431;1080;17.798073;596
189;720;8.549192;596
112;540;5.753103;596
54;360;3.2966142;596
73;432;4.1344543;596
25;234;2.1696105;596
398;1080;17.014294;596
173;720;7.408093;596
103;540;4.581867;596
49;360;2.2959151;596
67;432;3.295381;596
23;234;1.2349622;596
4639;540;90.83119;597
12931;1080;95.22377;597
3249;432;83.9494;597
7599;720;94.8156;597
2443;360;75.56366;597
1187;234;47.826874;597
3658;540;88.86296;597
10789;1080;95.438644;597
5944;720;94.37654;597
2541;432;80.91806;597
1918;360;73.36728;597
934;234;44.57302;597
8919;1080;95.09069;597
4634;720;91.172905;597
2871;540;84.7464;597
732;234;40.386257;597
1982;432;76.74835;597
1500;360;68.938805;597
7224;1080;94.44526;597
3602;720;88.527504;597
1543;432;72.8254;597
1170;360;64.601715;597
2247;540;80.726715;597
2797;720;85.123436;597
574;234;36.942272;597
5728;1080;93.24066;597
1753;540;76.2202;597
912;360;58.879093;597
448;234;32.301422;597
1369;540;68.80669;597
1200;432;66.45963;597
4494;1080;90.02606;597
2177;720;79.76519;597
710;360;50.912746;597
349;234;28.58026;597
3525;1080;86.646576;597
1699;720;72.06619;597
934;432;60.60609;597
1071;540;63.167915;597
728;432;52.606594;597
554;360;46.140392;597
272;234;25.395409;597
1950;1080;70.60617;597
300;360;30.070158;597
585;540;41.8093;597
936;720;51.293545;597
396;432;35.687847;597
146;234;13.326997;597
328;540;27.084055;597
1127;1080;51.4051;597
531;720;33.567875;597
166;360;15.309522;597
220;432;20.343801;597
696;1080;29.874674;597
80;234;6.0053086;597
192;540;13.021491;597
317;720;18.145296;597
94;360;6.5462933;597
128;432;8.890595;597
430;1080;17.488256;597
45;234;3.3548312;597
189;720;8.287377;597
112;540;5.468475;597
53;360;3.1582713;597
73;432;3.9436364;597
25;234;2.3759906;597
394;1080;16.793722;597
101;540;4.336358;597
171;720;7.149027;597
48;360;2.1589153;597
66;432;3.085989;597
22;234;1.4354293;597
9684;1080;96.07078;603
1539;360;72.763306;603
4923;720;93.561295;603
2998;540;88.76107;603
2033;432;81.3077;603
752;234;42.3426;603
7815;1080;95.52457;603
3713;720;92.82353;603
2281;540;85.92278;603
1546;432;78.259605;603
580;234;41.270493;603
6162;1080;94.961586;603
2813;720;90.13619;603
1178;360;70.28021;603
906;360;66.53686;603
1742;540;82.85875;603
1183;432;74.66814;603
448;234;38.870724;603
4761;1080;93.751976;603
2144;720;86.036255;603
1337;540;78.48512;603
700;360;62.98104;603
910;432;71.218445;603
348;234;35.95295;603
3637;1080;92.9611;603
1641;720;84.262764;603
1032;540;76.712875;603
704;432;67.81454;603
543;360;58.36026;603
269;234;31.888288;603
2784;1080;91.11334;603
1268;720;80.53826;603
803;540;72.40613;603
422;360;53.587868;603
547;432;61.93794;603
209;234;27.84323;603
2158;1080;86.170364;603
628;540;66.59316;603
990;720;74.124;603
329;360;49.632114;603
428;432;59.39433;603
163;234;24.206976;603
1216;1080;73.70182;603
557;720;61.677494;603
351;540;50.70485;603
182;360;34.283176;603
238;432;42.204403;603
90;234;12.8245535;603
739;1080;58.038326;603
331;720;40.782425;603
206;540;31.586397;603
105;360;17.071384;603
139;432;22.771736;603
52;234;6.030724;603
458;1080;35.594437;603
126;540;14.250119;603
205;720;21.828125;603
85;432;9.254775;603
31;234;3.0607276;603
265;1080;19.072836;603
63;360;7.024349;603
123;720;9.055656;603
50;432;4.2896433;603
75;540;5.9600854;603
36;360;3.4335208;603
17;234;2.0745175;603
238;1080;17.499378;603
111;720;7.8952713;603
33;360;2.433382;603
45;432;3.4478273;603
67;540;4.78726;603
16;234;1.1388524;603
1971;360;74.90935;605
3804;540;90.185356;605
2627;432;82.97203;605
10522;1080;95.45175;605
6208;720;94.70601;605
4820;720;93.537796;605
8700;1080;95.11154;605
2966;540;87.44662;605
1519;360;72.0166;605
938;234;46.998116;605
2023;432;79.59946;605
726;234;44.126194;605
7093;1080;94.685074;605
3732;720;90.92516;605
2303;540;83.58423;605
1172;360;67.68444;605
562;234;40.98177;605
1559;432;75.90928;605
5706;1080;93.90124;605
2883;720;87.75597;605
904;360;64.17452;605
1203;432;72.19373;605
1783;540;80.10005;605
434;234;37.91824;605
4552;1080;92.705376;605
1379;540;75.6987;605
2223;720;84.0798;605
929;432;66.68778;605
698;360;57.543526;605
3618;1080;90.513;605
335;234;33.725224;605
1715;720;79.43944;605
1066;540;70.153595;605
540;360;51.65581;605
2849;1080;86.0875;605
717;432;61.287983;605
1324;720;72.24397;605
259;234;29.846334;605
826;540;63.638424;605
554;432;55.622906;605
1557;1080;71.90625;605
417;360;47.277603;605
199;234;26.479109;605
708;720;54.536148;605
221;360;32.604244;605
441;540;45.810913;605
296;432;38.9596;605
105;234;14.212932;605
883;1080;53.142292;605
243;540;28.866997;605
395;720;36.760204;605
120;360;16.265854;605
162;432;21.303877;605
57;234;6.02243;605
532;1080;32.378902;605
236;720;19.299255;605
70;360;6.627566;605
143;540;12.93426;605
33;234;3.287407;605
309;1080;17.918133;605
137;720;8.255112;605
82;540;5.2735667;605
94;432;8.705962;605
54;432;3.8407164;605
39;360;3.2200794;605
19;234;2.3021688;605
278;1080;16.884949;605
122;720;7.107322;605
17;234;1.3571992;605
35;360;2.2217402;605
48;432;2.9556878;605
73;540;4.1851616;605
2156;360;75.08635;610
2874;432;83.07255;610
4101;540;90.422485;610
6695;720;94.54789;610
11520;1080;95.62428;610
1015;234;46.10509;610
5156;720;94.17232;610
9592;1080;95.59187;610
7846;1080;95.09581;610
2205;432;79.99187;610
781;234;42.89555;610
1657;360;72.4199;610
3173;540;87.81485;610
2440;540;83.78296;610
3953;720;90.96788;610
1268;360;67.743324;610
597;234;39.561623;610
1685;432;76.04595;610
6253;1080;94.51478;610
3029;720;87.920654;610
1873;540;80.0576;610
1285;432;72.29813;610
968;360;64.44371;610
4880;1080;93.13829;610
455;234;36.71181;610
2321;720;84.298355;610
1437;540;75.75554;610
737;360;58.02113;610
979;432;65.99295;610
347;234;32.42117;610
3779;1080;90.63937;610
1782;720;79.57384;610
1103;540;70.378746;610
264;234;28.598116;610
562;360;51.9743;610
747;432;61.513653;610
1371;720;72.34393;610
2926;1080;86.52409;610
849;540;64.10092;610
429;360;47.894802;610
571;432;55.74849;610
202;234;25.21981;610
1586;1080;72.13716;610
223;360;32.488403;610
450;540;46.180283;610
730;720;54.536266;610
299;432;39.396572;610
105;234;13.268773;610
912;1080;53.280407;610
403;720;37.028137;610
120;360;16.208551;610
246;540;29.550558;610
163;432;21.625862;610
57;234;6.0240636;610
548;1080;32.511696;610
239;720;19.698523;610
143;540;13.567895;610
68;360;6.63399;610
93;432;8.947364;610
32;234;3.2738452;610
307;1080;18.12517;610
137;720;8.46419;610
81;540;5.64218;610
38;360;3.2247157;610
53;432;4.0411925;610
18;234;2.2910504;610
276;1080;17.014883;610
123;720;7.314833;610
72;540;4.5058618;610
33;360;2.2275543;610
47;432;3.1853962;610
16;234;1.3548721;610
6917;1080;95.02411;614
3188;720;92.540245;614
1849;540;89.82007;614
1286;432;82.5836;614
929;360;76.92493;614
2332;720;90.13864;614
474;234;51.670834;614
5221;1080;93.949036;614
713;360;73.765816;614
1384;540;86.85883;614
970;432;79.76818;614
372;234;50.859047;614
4016;1080;93.18531;614
1053;540;83.096794;614
1719;720;89.18372;614
745;432;77.182915;614
555;360;72.120094;614
294;234;48.313793;614
3019;1080;90.95987;614
438;360;70.831245;614
815;540;79.91464;614
1295;720;85.27491;614
585;432;73.90995;614
233;234;44.68219;614
643;540;77.70755;614
1004;720;82.88376;614
2202;1080;89.61842;614
347;360;66.21481;614
463;432;70.03139;614
1620;1080;88.46454;614
184;234;40.289577;614
796;720;80.460556;614
513;540;74.34214;614
278;360;60.458385;614
147;234;36.142498;614
370;432;64.72912;614
1267;1080;86.2422;614
637;720;74.56209;614
413;540;68.643295;614
296;432;61.655163;614
223;360;55.215214;614
117;234;32.52797;614
743;1080;74.80237;614
381;720;63.975117;614
130;360;40.173504;614
244;540;54.92493;614
173;432;44.819927;614
66;234;19.165405;614
468;1080;64.77032;614
231;720;42.566048;614
76;360;22.255053;614
146;540;34.123947;614
101;432;25.44758;614
38;234;7.8917637;614
303;1080;39.266045;614
89;540;15.240552;614
143;720;21.630991;614
45;360;9.824061;614
61;432;10.286838;614
22;234;3.8926177;614
87;720;8.368946;614
53;540;6.6474957;614
187;1080;19.783714;614
27;360;4.579537;614
13;234;2.885097;614
37;432;5.019577;614
171;1080;18.090546;614
79;720;7.1593084;614
48;540;5.4726357;614
24;360;3.579774;614
34;432;4.1584673;614
12;234;1.939413;614
6380;720;94.66556;616
12633;1080;95.29506;616
3927;540;90.2842;616
2108;360;75.13773;616
2702;432;83.07425;616
1017;234;47.11513;616
10393;1080;95.47748;616
4929;720;93.7775;616
3054;540;87.606804;616
1638;360;72.45639;616
2086;432;79.74754;616
791;234;43.95593;616
8324;1080;95.01784;616
3815;720;90.955185;616
1275;360;67.90102;616
2377;540;83.714905;616
614;234;40.46433;616
1615;432;75.99819;616
6561;1080;94.43268;616
2969;720;87.863266;616
1857;540;80.13663;616
1255;432;72.27292;616
994;360;64.58996;616
5174;1080;93.06216;616
478;234;37.456844;616
1455;540;75.864;616
777;360;58.178276;616
2319;720;84.32037;616
982;432;66.1635;616
372;234;33.099094;616
4094;1080;90.15495;616
1823;720;79.41272;616
1145;540;69.7362;616
610;360;51.196167;616
292;234;29.272486;616
770;432;61.529316;616
1440;720;72.10525;616
3262;1080;86.57798;616
480;360;46.788544;616
904;540;63.429077;616
605;432;54.98073;616
1897;1080;70.715;616
228;234;25.991009;616
817;720;52.49789;616
265;360;31.142801;616
507;540;43.403934;616
1145;1080;51.26649;616
336;432;37.69092;616
125;234;13.757532;616
475;720;34.399426;616
150;360;15.592527;616
292;540;27.628098;616
194;432;20.687998;616
71;234;6.0122685;616
724;1080;29.527994;616
295;720;18.305174;616
182;540;12.884646;616
92;360;6.5762777;616
120;432;8.817438;616
44;234;3.3342252;616
436;1080;17.405558;616
190;720;8.232019;616
116;540;5.360858;616
56;360;3.172031;616
77;432;3.892315;616
26;234;2.3539977;616
398;1080;16.759922;616
177;720;7.0869374;616
25;234;1.4086806;616
108;540;4.2351236;616
70;432;3.0289826;616
51;360;2.1709042;616
9546;720;90.990555;617
5879;540;87.80841;617
3035;360;67.65066;617
14844;1080;93.44746;617
4145;432;74.203766;617
1425;234;41.47105;617
12582;1080;94.76723;617
7609;720;90.4324;617
4724;540;86.541794;617
2412;360;65.014725;617
10724;1080;94.7009;617
3290;432;71.93691;617
1134;234;40.034878;617
6020;720;89.16577;617
1901;360;61.407604;617
3754;540;82.50986;617
2594;432;68.43855;617
896;234;37.128223;617
8990;1080;94.106094;617
1488;360;56.325077;617
4723;720;85.71305;617
2949;540;78.91047;617
2028;432;65.327484;617
7362;1080;93.22238;617
3685;720;82.6133;617
699;234;33.140564;617
2298;540;73.34614;617
1155;360;52.07575;617
541;234;27.896126;617
1575;432;59.93321;617
5891;1080;91.138916;617
2859;720;77.70553;617
1780;540;66.692154;617
890;360;45.7742;617
1216;432;54.999046;617
416;234;23.94453;617
4617;1080;86.675354;617
2207;720;69.51111;617
681;360;39.343693;617
1372;540;61.127026;617
317;234;20.292051;617
932;432;46.14105;617
2409;1080;68.907135;617
698;540;39.900352;617
1139;720;51.858845;617
339;360;25.808859;617
468;432;33.434628;617
157;234;11.7977495;617
1259;1080;51.86569;617
572;720;35.17509;617
343;540;27.349321;617
164;360;12.927464;617
228;432;17.676374;617
685;1080;30.768782;617
308;720;19.03422;617
76;234;6.158816;617
182;540;13.601911;617
87;360;6.1828504;617
120;432;7.291176;617
40;234;2.7888489;617
384;1080;18.101526;617
167;720;8.792525;617
99;540;5.915544;617
65;432;3.0739293;617
46;360;3.236609;617
22;234;1.6755147;617
345;1080;16.645508;617
148;720;7.642749;617
88;540;4.689404;617
58;432;2.1991558;617
41;360;2.2429552;617
19;234;0.735414;617
5000;720;93.950066;619
10042;1080;95.91267;619
2968;540;88.790115;619
1949;432;81.16779;619
1451;360;73.26474;619
701;234;42.746487;619
7802;1080;95.29022;619
3607;720;92.74166;619
1097;360;70.335815;619
2180;540;85.87781;619
542;234;41.82152;619
1451;432;78.01481;619
6009;1080;94.65704;619
2634;720;89.761734;619
1101;432;74.50532;619
841;360;66.394775;619
1624;540;82.85765;619
422;234;39.48552;619
4552;1080;93.36361;619
1952;720;86.261505;619
1229;540;78.271774;619
847;432;71.543846;619
651;360;63.04995;619
330;234;36.558414;619
3412;1080;92.45245;619
1484;720;83.68555;619
949;540;76.79303;619
662;432;67.74039;619
510;360;58.429005;619
259;234;32.54459;619
1155;720;80.30325;619
2564;1080;90.521;619
745;540;72.690796;619
402;360;53.501602;619
522;432;61.978832;619
204;234;28.48694;619
1967;1080;86.06531;619
916;720;73.873055;619
593;540;66.7611;619
320;360;49.37907;619
416;432;59.293842;619
1120;1080;73.826385;619
162;234;24.876444;619
544;720;60.991238;619
349;540;50.454044;619
186;360;33.889767;619
243;432;41.67684;619
703;1080;58.343567;619
93;234;13.068771;619
345;720;39.347813;619
218;540;30.785225;619
112;360;16.63905;619
149;432;22.199842;619
55;234;5.990003;619
472;1080;34.556736;619
232;720;20.238726;619
142;540;13.799214;619
71;360;6.8177495;619
95;432;9.074955;619
34;234;3.1589398;619
297;1080;18.356491;619
141;720;8.618103;619
84;540;5.774116;619
41;360;3.3103914;619
55;432;4.135864;619
20;234;2.176105;619
128;720;7.4679956;619
274;1080;17.158184;619
76;540;4.6183786;619
37;360;2.311684;619
50;432;3.2930021;619
18;234;1.2414074;619
12213;1080;96.109314;620
6125;720;93.496506;620
3540;540;89.67117;620
1757;360;73.007935;620
2366;432;81.50946;620
852;234;42.907566;620
9628;1080;96.16127;620
4384;720;93.09802;620
1329;360;70.64137;620
2595;540;86.73929;620
657;234;40.91448;620
1764;432;78.68703;620
7442;1080;95.56495;620
3169;720;90.530045;620
1928;540;82.84798;620
1332;432;75.14053;620
1014;360;67.3051;620
507;234;38.37096;620
5555;1080;94.546936;620
2343;720;86.51822;620
1461;540;78.99643;620
780;360;63.601387;620
392;234;35.472553;620
1019;432;70.959045;620
4086;1080;93.29364;620
1774;720;84.67356;620
1127;540;76.3302;620
605;360;58.079433;620
789;432;67.623764;620
304;234;31.259367;620
3046;1080;91.32453;620
1374;720;80.681366;620
882;540;72.1166;620
472;360;53.33238;620
617;432;61.69143;620
236;234;27.265097;620
2333;1080;86.18666;620
1084;720;74.23924;620
697;540;66.0887;620
372;360;49.382046;620
487;432;58.558018;620
184;234;23.66383;620
1325;1080;73.55769;620
636;720;59.7277;620
211;360;33.53604;620
405;540;48.98729;620
279;432;41.121464;620
103;234;12.560311;620
831;1080;56.390644;620
401;720;39.111095;620
251;540;30.590775;620
128;360;16.694092;620
171;432;22.22111;620
62;234;6.0309644;620
271;720;20.904257;620
561;1080;33.71603;620
167;540;14.346311;620
84;360;7.174569;620
113;432;9.594279;620
40;234;2.9923692;620
347;1080;18.665606;620
164;720;9.282798;620
100;540;6.1892867;620
49;360;3.4909487;620
23;234;2.0073519;620
66;432;4.5091834;620
313;1080;17.4707;620
146;720;8.119528;620
88;540;4.9712105;620
43;360;2.4951372;620
58;432;3.6695075;620
20;234;1.0726414;620
3432;540;89.66415;624
5496;720;94.55633;624
11008;1080;95.46562;624
1810;360;74.459206;624
2371;432;82.27818;624
922;234;46.522076;624
4208;720;93.11182;624
8887;1080;95.21525;624
1408;360;71.53099;624
2645;540;87.17575;624
1834;432;79.09394;624
718;234;43.731953;624
6995;1080;94.719315;624
2047;540;83.257996;624
3232;720;90.56343;624
1098;360;67.81941;624
1425;432;75.58028;624
560;234;40.626373;624
5399;1080;93.65099;624
2505;720;86.94426;624
858;360;63.92924;624
1595;540;79.6557;624
1112;432;71.803505;624
436;234;37.634598;624
4165;1080;92.568504;624
1248;540;75.475845;624
1954;720;84.30899;624
672;360;57.500233;624
870;432;67.20531;624
340;234;33.40199;624
3232;1080;90.58542;624
1539;720;79.5703;624
984;540;70.62303;624
528;360;51.86059;624
685;432;61.234737;624
266;234;29.524609;624
2539;1080;85.63378;624
1222;720;72.46926;624
781;540;64.09141;624
416;360;47.440594;624
209;234;26.168324;624
542;432;55.899403;624
710;720;54.606075;624
1474;1080;72.266594;624
447;540;45.746872;624
234;360;32.11342;624
307;432;38.68797;624
912;1080;52.900272;624
116;234;13.937673;624
428;720;35.79152;624
265;540;28.388374;624
136;360;15.8464155;624
180;432;20.960617;624
66;234;6.020071;624
602;1080;31.033113;624
275;720;18.628088;624
167;540;12.917613;624
83;360;6.5862083;624
112;432;8.787609;624
39;234;3.3318586;624
389;1080;17.601244;624
173;720;8.24342;624
67;432;3.88095;624
48;360;3.1840491;624
102;540;5.3458767;624
355;1080;16.79058;624
22;234;2.3501892;624
157;720;7.0998764;624
92;540;4.235645;624
43;360;2.1871734;624
61;432;3.0100508;624
20;234;1.4052514;624
3459;720;92.94464;626
2195;540;91.93584;626
1166;360;79.42754;626
7904;1080;95.49983;626
1492;432;85.65369;626
626;234;58.943275;626
6008;1080;94.93446;626
2665;720;91.32351;626
1704;540;90.15527;626
924;360;76.543976;626
499;234;57.949596;626
1176;432;83.56319;626
4531;1080;93.929535;626
2078;720;88.424225;626
1339;540;86.282;626
399;234;55.3453;626
737;360;74.27298;626
935;432;80.13892;626
3451;1080;92.66193;626
1638;720;86.08422;626
590;360;72.4331;626
1062;540;82.301895;626
747;432;76.67597;626
321;234;51.788723;626
2688;1080;90.58401;626
851;540;79.85609;626
1307;720;83.05385;626
478;360;68.0163;626
603;432;72.38274;626
260;234;46.67126;626
2135;1080;88.9917;626
1056;720;79.904854;626
690;540;75.35645;626
491;432;65.45085;626
388;360;61.847557;626
211;234;42.24739;626
1729;1080;85.96272;626
862;720;73.386505;626
563;540;68.75502;626
317;360;57.057186;626
402;432;61.896297;626
173;234;38.835484;626
1086;1080;72.806595;626
354;540;53.839855;626
542;720;59.560474;626
198;360;40.758007;626
252;432;45.51189;626
107;234;24.13302;626
727;1080;57.97095;626
360;720;37.673103;626
128;360;23.463634;626
232;540;34.45474;626
165;432;26.562096;626
508;1080;34.318333;626
68;234;11.720207;626
251;720;18.926785;626
159;540;17.57912;626
85;360;11.813968;626
112;432;12.519276;626
44;234;5.8351035;626
167;720;8.260689;626
335;1080;19.13386;626
104;540;8.884303;626
55;360;5.4170556;626
72;432;6.5183215;626
28;234;4.424841;626
313;1080;18.336557;626
156;720;7.1093445;626
97;540;7.299649;626
50;360;4.28791;626
67;432;5.6788745;626
26;234;3.4799638;626
3658;720;93.08485;630
8132;1080;95.4835;630
1571;432;84.928856;630
1217;360;78.77618;630
2306;540;91.333466;630
640;234;57.811108;630
6224;1080;94.93583;630
2809;720;91.68369;630
1233;432;83.21961;630
1786;540;89.93042;630
959;360;76.38812;630
507;234;56.761257;630
2181;720;88.536514;630
4726;1080;93.91028;630
1396;540;86.22541;630
759;360;73.92548;630
973;432;79.466675;630
402;234;54.04613;630
3610;1080;93.029526;630
1713;720;86.21799;630
1103;540;82.13477;630
773;432;76.45066;630
604;360;71.94618;630
320;234;50.507496;630
2803;1080;90.67731;630
1361;720;83.0616;630
879;540;79.29596;630
483;360;67.63852;630
618;432;72.22438;630
255;234;45.54151;630
2223;1080;88.89547;630
1093;720;79.83766;630
706;540;74.77816;630
388;360;61.527378;630
497;432;64.95778;630
205;234;41.066998;630
1794;1080;85.771065;630
572;540;68.244225;630
313;360;56.81226;630
886;720;73.26498;630
403;432;61.50732;630
165;234;37.606564;630
1113;1080;72.73211;630
542;720;59.560215;630
347;540;53.551243;630
188;360;40.763493;630
99;234;23.241983;630
243;432;45.291996;630
724;1080;57.927914;630
347;720;38.113453;630
220;540;34.360256;630
118;360;23.384468;630
154;432;26.33888;630
62;234;10.926853;630
492;1080;34.512222;630
237;720;19.198893;630
149;540;17.190374;630
78;360;11.528689;630
103;432;12.154952;630
40;234;5.4732256;630
322;1080;19.063936;630
157;720;8.250525;630
26;234;4.144661;630
98;540;8.563865;630
51;360;5.2738824;630
67;432;6.276453;630
146;720;7.098392;630
300;1080;18.213614;630
91;540;7.0459514;630
47;360;4.1982937;630
62;432;5.4365954;630
24;234;3.1997652;630
8155;720;94.94211;631
14346;1080;93.78794;631
2612;360;75.7704;631
5031;540;91.04207;631
3470;432;84.43403;631
1292;234;48.458603;631
11642;1080;94.93976;631
6293;720;94.446365;631
2038;360;73.61558;631
3925;540;89.36661;631
1015;234;45.229027;631
9452;1080;94.9048;631
2696;432;81.365746;631
3067;540;85.204956;631
4881;720;91.861404;631
1596;360;69.43683;631
2105;432;77.110306;631
797;234;40.837124;631
7650;1080;94.23513;631
1250;360;64.61467;631
3801;720;88.71533;631
2400;540;81.19948;631
1646;432;72.97443;631
625;234;36.90974;631
6107;1080;93.20048;631
2977;720;85.298836;631
1884;540;76.20842;631
981;360;59.059776;631
1293;432;66.78086;631
489;234;32.133556;631
4844;1080;89.89983;631
2346;720;79.95227;631
1485;540;69.10564;631
771;360;51.065296;631
1018;432;60.369522;631
383;234;28.429068;631
3851;1080;86.39337;631
1857;720;71.99689;631
1174;540;64.36668;631
803;432;51.90938;631
2244;1080;69.67371;631
300;234;25.083902;631
607;360;45.31194;631
1062;720;50.38146;631
665;540;41.110302;631
452;432;34.70602;631
339;360;29.156641;631
1371;1080;51.08254;631
165;234;13.234975;631
634;720;33.143112;631
391;540;26.231691;631
196;360;15.039483;631
263;432;19.839018;631
94;234;5.972345;631
408;720;17.559515;631
892;1080;28.918943;631
246;540;12.752224;631
120;360;6.5444446;631
163;432;8.940319;631
56;234;3.343667;631
561;1080;17.044436;631
252;720;8.181762;631
149;540;5.4090667;631
71;360;3.1476269;631
33;234;2.366712;631
98;432;3.9254422;631
228;720;7.0612864;631
513;1080;16.681011;631
88;432;3.0829673;631
134;540;4.266937;631
63;360;2.148569;631
30;234;1.4259027;631
7894;1080;95.63104;635
3451;720;92.98625;635
2182;540;93.52793;635
1485;432;87.75528;635
1159;360;80.122894;635
620;234;61.323982;635
5996;1080;95.25011;635
2656;720;91.3487;635
1693;540;91.36773;635
1170;432;85.62569;635
494;234;60.55444;635
2068;720;88.46504;635
4515;1080;94.23808;635
918;360;77.264496;635
731;360;75.00035;635
1329;540;87.82903;635
395;234;57.970997;635
928;432;81.5894;635
3437;1080;92.59568;635
1052;540;83.3512;635
1630;720;86.190735;635
585;360;73.25852;635
742;432;78.102905;635
2673;1080;90.99475;635
1299;720;83.09724;635
317;234;54.351154;635
843;540;81.385056;635
472;360;68.77562;635
257;234;49.148296;635
599;432;73.271484;635
2124;1080;89.28976;635
1048;720;79.96792;635
683;540;76.88858;635
384;360;62.581173;635
486;432;67.08227;635
208;234;44.724453;635
855;720;73.466354;635
1718;1080;86.26011;635
314;360;57.64846;635
558;540;70.26891;635
398;432;63.30025;635
170;234;41.418896;635
1079;1080;72.963196;635
350;540;55.92602;635
538;720;59.668987;635
196;360;41.465443;635
105;234;26.185368;635
249;432;47.452133;635
724;1080;58.338802;635
357;720;37.872852;635
230;540;36.390488;635
163;432;28.468618;635
127;360;24.130089;635
503;1080;34.72268;635
67;234;13.463342;635
248;720;19.142595;635
84;360;12.394172;635
157;540;19.258692;635
44;234;6.9012837;635
110;432;13.770114;635
332;1080;19.46319;635
165;720;8.355395;635
103;540;10.039739;635
71;432;7.5698256;635
54;360;5.736189;635
310;1080;18.701162;635
154;720;7.2037497;635
28;234;5.0212717;635
66;432;6.5230947;635
50;360;4.4871645;635
95;540;8.251255;635
26;234;4.0763936;635
1149;540;87.174706;639
2053;720;89.426865;639
6320;1080;94.84247;639
502;360;76.06364;639
682;432;80.7182;639
241;234;51.64985;639
1334;720;88.62552;639
4294;1080;93.53569;639
770;540;85.36434;639
186;234;51.247303;639
2858;1080;90.66908;639
928;720;86.63288;639
481;432;78.378174;639
366;360;75.13014;639
554;540;80.59126;639
280;360;73.57355;639
146;234;49.470394;639
364;432;75.0859;639
664;720;85.49399;639
1892;1080;90.21654;639
407;540;80.29825;639
216;360;72.352104;639
277;432;72.59439;639
1269;1080;88.9706;639
115;234;45.675907;639
491;720;83.66603;639
168;360;67.80815;639
308;540;80.24759;639
882;1080;87.838486;639
214;432;70.189606;639
91;234;41.111546;639
242;540;75.76494;639
377;720;81.37169;639
170;432;68.24948;639
73;234;37.00809;639
134;360;62.16822;639
295;720;75.51213;639
640;1080;86.769516;639
192;540;71.26701;639
108;360;56.372276;639
137;432;64.6385;639
338;1080;76.64015;639
59;234;33.2245;639
174;720;68.08211;639
115;540;59.19825;639
66;360;42.22303;639
83;432;47.57124;639
36;234;19.83911;639
207;1080;68.12864;639
109;720;47.72727;639
72;540;37.22602;639
41;360;23.377039;639
51;432;27.19737;639
22;234;8.228093;639
132;1080;45.38319;639
70;720;24.122362;639
46;540;16.194492;639
33;432;10.417766;639
26;360;9.96678;639
14;234;4.013514;639
84;1080;21.406504;639
44;720;8.5597925;639
28;540;6.778915;639
9;234;2.9850378;639
16;360;4.6542325;639
20;432;5.1309066;639
78;1080;18.607367;639
40;720;7.2735367;639
14;360;3.6530309;639
26;540;5.6102924;639
18;432;4.266047;639
8;234;2.0393162;639
1217;360;78.88846;640
3655;720;93.08802;640
8132;1080;95.50475;640
2306;540;91.48949;640
1571;432;85.135895;640
640;234;58.270702;640
6223;1080;94.956635;640
2806;720;91.68284;640
1785;540;90.04485;640
1232;432;83.42281;640
4724;1080;93.949326;640
507;234;57.221905;640
2180;720;88.54064;640
958;360;76.49162;640
1395;540;86.34423;640
972;432;79.67682;640
759;360;74.05548;640
402;234;54.541164;640
3609;1080;93.01955;640
1712;720;86.22804;640
1102;540;82.23149;640
603;360;72.09611;640
772;432;76.58923;640
320;234;51.00253;640
2802;1080;90.695786;640
1360;720;83.066315;640
878;540;79.41223;640
483;360;67.77541;640
2222;1080;88.94978;640
255;234;46.001568;640
618;432;72.315865;640
1092;720;79.84378;640
706;540;74.92256;640
497;432;65.115715;640
388;360;61.65254;640
205;234;41.54793;640
1793;1080;85.82764;640
886;720;73.26965;640
571;540;68.40033;640
313;360;56.919216;640
402;432;61.6599;640
165;234;38.105114;640
1112;1080;72.73625;640
542;720;59.560307;640
346;540;53.786133;640
188;360;40.883892;640
243;432;45.47494;640
98;234;23.605623;640
723;1080;58.006756;640
347;720;38.12257;640
118;360;23.504864;640
220;540;34.544273;640
154;432;26.523123;640
62;234;11.23632;640
492;1080;34.567448;640
149;540;17.354696;640
237;720;19.214277;640
78;360;11.6367;640
321;1080;19.11243;640
157;720;8.259588;640
40;234;5.605658;640
102;432;12.2775;640
98;540;8.677825;640
67;432;6.3629932;640
51;360;5.326113;640
26;234;4.2509294;640
300;1080;18.26402;640
146;720;7.1074557;640
47;360;4.235235;640
91;540;7.1394086;640
24;234;3.306034;640
62;432;5.5231347;640
6381;540;85.60153;641
10158;720;88.68548;641
3799;360;64.27634;641
12465;1080;95.6776;641
4905;432;69.28612;641
2065;234;40.868256;641
8174;720;88.17183;641
10898;1080;95.69786;641
5198;540;83.94438;641
3913;432;68.61143;641
9591;1080;95.21207;641
1647;234;38.091434;641
3037;360;61.58189;641
6588;720;87.3681;641
1308;234;34.481983;641
4228;540;79.76665;641
3124;432;64.02993;641
2423;360;58.13265;641
1938;360;52.74052;641
8403;1080;94.14336;641
5322;720;83.3826;641
3441;540;75.72194;641
2504;432;59.48036;641
7291;1080;92.97027;641
4317;720;80.0792;641
2805;540;69.4144;641
1039;234;28.127485;641
2014;432;54.00713;641
1553;360;45.639896;641
6289;1080;91.311584;641
825;234;19.849405;641
3520;720;74.420715;641
2291;540;63.382183;641
1249;360;41.07819;641
1626;432;47.52918;641
656;234;15.278091;641
5401;1080;86.89232;641
2891;720;69.01824;641
1009;360;35.183777;641
1877;540;59.03705;641
1321;432;42.720615;641
523;234;10.841182;641
3602;1080;69.71904;641
1810;720;45.83872;641
605;360;21.974346;641
801;432;25.651491;641
1164;540;34.40864;641
304;234;4.230274;641
2450;1080;45.607224;641
1181;720;28.929434;641
747;540;16.600992;641
375;360;10.412086;641
505;432;14.467578;641
1584;1080;24.912802;641
725;720;12.44127;641
442;540;7.101921;641
182;234;2.7830098;641
208;360;5.4137053;641
289;432;7.145236;641
95;234;1.8380063;641
1018;1080;15.454267;641
438;720;6.080643;641
258;540;2.6112862;641
117;360;2.8651986;641
52;234;0.75848305;641
164;432;2.913466;641
944;1080;15.084317;641
402;720;4.880157;641
237;540;1.712985;641
107;360;1.9142722;641
151;432;1.9209591;641
48;234;-0.26205242;641
4734;720;93.42169;642
8010;1080;94.937904;642
3011;540;88.91608;642
888;234;48.100086;642
1645;360;74.36458;642
3708;720;92.69643;642
6774;1080;94.6385;642
2123;432;81.670006;642
2381;540;86.29205;642
1299;360;71.61484;642
1674;432;78.64575;642
704;234;44.705685;642
5683;1080;94.0504;642
2929;720;90.29024;642
1888;540;83.0828;642
1034;360;68.513214;642
1332;432;75.7061;642
559;234;40.242004;642
2343;720;86.498215;642
4757;1080;93.20024;642
1516;540;79.489784;642
829;360;65.43411;642
1068;432;71.802734;642
1892;720;84.05475;642
446;234;36.025654;642
3998;1080;92.55812;642
1232;540;74.9822;642
669;360;59.7048;642
863;432;67.579865;642
3355;1080;90.68295;642
358;234;28.626423;642
1552;720;79.287865;642
1007;540;69.448654;642
705;432;61.102657;642
545;360;53.198917;642
290;234;24.030783;642
2807;1080;85.704666;642
1290;720;72.08754;642
834;540;62.294605;642
448;360;48.223392;642
581;432;54.688763;642
236;234;19.691526;642
1882;1080;70.32075;642
545;540;40.35702;642
852;720;51.345524;642
285;360;32.381783;642
372;432;36.44321;642
146;234;8.840906;642
1318;1080;51.392017;642
379;540;24.425049;642
602;720;32.53646;642
193;360;16.876059;642
255;432;19.947905;642
98;234;4.0434976;642
902;1080;28.93067;642
422;720;16.73694;642
262;540;11.1897;642
131;360;7.735186;642
174;432;9.04852;642
65;234;3.171142;642
574;1080;17.041433;642
266;720;7.8367753;642
164;540;4.543474;642
82;360;3.6608157;642
109;432;3.9625878;642
41;234;2.0990064;642
535;1080;16.696795;642
244;720;6.6965976;642
75;360;2.665978;642
100;432;3.1195588;642
150;540;3.4756293;642
38;234;1.0331013;642
9820;1080;95.32143;643
2691;540;89.248276;643
4563;720;93.40527;643
1282;360;73.26982;643
1764;432;80.9588;643
632;234;45.522755;643
7454;1080;94.68237;643
3302;720;92.4561;643
1957;540;85.94578;643
963;360;70.057465;643
1302;432;78.618355;643
492;234;44.603367;643
5609;1080;93.760216;643
2424;720;89.252106;643
1454;540;82.42731;643
742;360;66.80104;643
988;432;74.554855;643
387;234;42.089367;643
4111;1080;92.51616;643
1102;540;78.447105;643
1804;720;86.3306;643
579;360;64.26367;643
762;432;71.97162;643
306;234;38.88355;643
3001;1080;91.18414;643
1370;720;83.200516;643
855;540;76.285034;643
458;360;59.67461;643
597;432;67.9665;643
2247;1080;88.89598;643
244;234;35.0199;643
1067;720;80.013626;643
674;540;72.330894;643
366;360;53.844315;643
475;432;61.97907;643
195;234;30.897573;643
1738;1080;85.64078;643
845;720;73.6501;643
539;540;66.32223;643
382;432;58.84152;643
157;234;27.29989;643
295;360;48.8225;643
1009;1080;73.53225;643
503;720;60.89732;643
323;540;50.122196;643
177;360;34.277695;643
94;234;14.815338;643
230;432;41.109562;643
638;1080;59.325752;643
320;720;39.158092;643
112;360;16.772324;643
205;540;29.783314;643
145;432;21.632498;643
58;234;5.97454;643
434;1080;34.52586;643
218;720;19.650501;643
138;540;12.64623;643
74;360;6.777099;643
96;432;8.5911045;643
38;234;3.1603389;643
147;720;8.178537;643
294;1080;17.90294;643
92;540;5.075136;643
48;360;3.2404413;643
64;432;3.7384872;643
24;234;2.1722465;643
276;1080;16.880676;643
137;720;7.0246463;643
84;540;4.004668;643
44;360;2.2419815;643
59;432;2.8433194;643
22;234;1.227329;643
