t_average_bitrate;e_height;t_average_vmaf_predicted;s_video_id;
3313;540;88.17101;418;
5359;720;92.055;418;
10548;1080;97.47135;418;
1728;360;73.44977;418;
8302;1080;96.04232;418;
2269;432;81.2446;418;
863;234;48.082745;418;
4052;720;90.35617;418;
2530;540;87.48373;418;
1323;360;71.59551;418;
1732;432;78.417656;418;
666;234;44.858562;418;
3070;720;88.86843;418;
1931;540;83.63486;418;
1016;360;68.306274;418;
1326;432;75.33303;418;
6515;1080;94.14536;418;
512;234;40.471687;418;
4968;1080;93.53765;418;
2333;720;87.496376;418;
1480;540;78.85408;418;
3800;1080;93.30451;418;
1015;432;71.3492;418;
778;360;63.567085;418;
393;234;36.539;418;
1787;720;81.99548;418;
599;360;58.453327;418;
779;432;67.04916;418;
301;234;32.822983;418;
1138;540;75.688126;418;
2890;1080;91.15331;418;
1380;720;79.792534;418;
462;360;54.14632;418;
882;540;70.5722;418;
600;432;62.171757;418;
231;234;28.403206;418;
2198;1080;87.13589;418;
1072;720;76.0479;418;
686;540;65.35701;418;
358;360;48.462208;418;
466;432;54.538204;418;
178;234;23.700005;418;
1196;1080;75.65951;418;
373;540;47.375397;418;
588;720;56.777058;418;
195;360;31.544205;418;
255;432;38.22844;418;
686;1080;60.17333;418;
96;234;13.608744;418;
338;720;40.705055;418;
213;540;28.984684;418;
110;360;17.470692;418;
146;432;22.358402;418;
54;234;5.647932;418;
405;1080;38.58859;418;
198;720;22.038155;418;
63;360;7.964568;418;
125;540;15.274186;418;
84;432;10.386291;418;
31;234;4.0877886;418;
236;1080;24.080729;418;
69;540;6.7472315;418;
33;360;3.9352422;418;
112;720;10.347058;418;
46;432;4.424334;418;
16;234;3.1918192;418;
213;1080;18.73322;418;
30;360;3.7632809;418;
60;540;6.14268;418;
100;720;9.094008;418;
40;432;4.1395793;418;
15;234;3.024438;418;
1194;360;73.04589;419;
2348;540;87.93305;419;
7672;1080;95.61126;419;
3766;720;90.704796;419;
1589;432;78.79321;419;
5866;1080;94.04902;419;
1794;540;84.87112;419;
571;234;45.233494;419;
927;360;70.88041;419;
2828;720;89.31138;419;
1222;432;77.37452;419;
4481;1080;93.834435;419;
450;234;42.182827;419;
2153;720;87.73439;419;
1383;540;81.85928;419;
945;432;75.32265;419;
722;360;67.55047;419;
353;234;38.811424;419;
3431;1080;93.72114;419;
1658;720;86.708496;419;
1070;540;79.95896;419;
565;360;63.521732;419;
738;432;72.151825;419;
278;234;36.09878;419;
1291;720;82.670235;419;
2646;1080;90.88335;419;
444;360;59.738842;419;
837;540;76.76046;419;
579;432;67.71989;419;
220;234;33.51622;419;
2053;1080;89.62809;419;
1014;720;80.47094;419;
659;540;72.20972;419;
351;360;56.608074;419;
174;234;28.53814;419;
456;432;63.754513;419;
1602;1080;88.328186;419;
801;720;77.52295;419;
520;540;69.270935;419;
276;360;50.51198;419;
361;432;58.373714;419;
137;234;23.510963;419;
901;1080;76.76302;419;
450;720;62.263157;419;
151;360;33.286495;419;
290;540;51.690136;419;
201;432;41.466984;419;
75;234;13.349115;419;
514;1080;63.980804;419;
256;720;44.261417;419;
161;540;32.698612;419;
82;360;17.877048;419;
110;432;24.343353;419;
40;234;5.646735;419;
144;720;23.525063;419;
299;1080;41.42718;419;
45;360;7.7852764;419;
89;540;15.929869;419;
61;432;10.666909;419;
157;1080;27.050201;419;
22;234;4.158758;419;
75;720;10.474607;419;
46;540;6.777536;419;
22;360;3.856882;419;
30;432;4.4787145;419;
11;234;3.226594;419;
140;1080;19.04068;419;
66;720;9.112201;419;
40;540;6.170496;419;
27;432;4.1918335;419;
20;360;3.7050934;419;
10;234;3.0334482;419;
2027;360;74.46241;420;
6046;720;92.79175;420;
11982;1080;97.83608;420;
3741;540;88.3323;420;
2602;432;82.39825;420;
9473;1080;97.35869;420;
1068;234;46.854248;420;
4521;720;90.80175;420;
2840;540;87.49978;420;
1558;360;71.58131;420;
1984;432;79.707664;420;
827;234;43.740017;420;
7417;1080;94.928;420;
3407;720;89.26623;420;
2174;540;84.562645;420;
1527;432;75.58576;420;
1204;360;67.79796;420;
642;234;40.03792;420;
3407;720;89.26623;420;
7417;1080;94.928;420;
1204;360;67.79796;420;
2174;540;84.562645;420;
1527;432;75.58576;420;
642;234;40.03792;420;
5727;1080;93.6204;420;
1682;540;78.7917;420;
2598;720;87.8397;420;
937;360;62.90543;420;
1185;432;70.90687;420;
499;234;36.085583;420;
1316;540;74.05405;420;
734;360;57.869656;420;
1448;540;84.43591;422;
2404;720;89.456795;422;
6527;1080;94.53452;422;
742;360;72.72997;422;
984;432;79.347694;422;
371;234;45.134163;422;
4516;1080;94.10473;422;
1082;540;83.70694;422;
1758;720;87.608345;422;
566;360;69.12393;422;
745;432;77.07422;422;
1293;720;86.52373;422;
288;234;42.39053;422;
3108;1080;93.938896;422;
813;540;81.40032;422;
432;360;66.899254;422;
565;432;74.44954;422;
221;234;40.40121;422;
3108;1080;93.938896;422;
1293;720;86.52373;422;
813;540;81.40032;422;
432;360;66.899254;422;
565;432;74.44954;422;
221;234;40.40121;422;
2173;1080;90.39724;422;
970;720;86.96099;422;
331;360;65.23317;422;
430;432;71.68132;422;
615;540;80.267296;422;
171;234;37.639633;422;
1597;1080;91.47463;422;
750;720;83.05261;422;
481;540;77.32965;422;
259;360;62.115322;422;
336;432;68.598495;422;
135;234;35.501087;422;
1197;1080;90.22257;422;
570;720;80.43633;422;
368;540;74.160164;422;
201;360;59.793156;422;
258;432;64.06143;422;
106;234;30.307692;422;
911;1080;87.914825;422;
440;720;78.281006;422;
284;540;71.988;422;
156;360;53.68539;422;
199;432;62.067524;422;
83;234;24.875805;422;
506;1080;77.896126;422;
252;720;66.99494;422;
164;540;55.462154;422;
114;432;44.122227;422;
89;360;35.07793;422;
47;234;14.222787;422;
315;1080;69.02873;422;
159;720;46.59159;422;
103;540;35.12032;422;
56;360;18.728182;422;
72;432;25.450794;422;
30;234;5.6989055;422;
206;1080;44.401302;422;
107;720;24.680359;422;
69;540;15.867735;422;
37;360;8.043726;422;
48;432;10.234418;422;
20;234;4.067593;422;
131;1080;27.631626;422;
69;720;10.466826;422;
45;540;6.745738;422;
24;360;3.9676719;422;
31;432;4.434041;422;
13;234;3.1871033;422;
120;1080;19.240387;422;
63;720;9.104594;422;
41;540;6.1382446;422;
22;360;3.789547;422;
28;432;4.1472187;422;
12;234;3.025423;422;
11879;1080;97.44954;489;
4681;540;90.00981;489;
2466;360;77.6467;489;
7285;720;94.30259;489;
3264;432;84.624725;489;
1199;234;50.916397;489;
9968;1080;96.99596;489;
5716;720;92.05716;489;
3681;540;87.71496;489;
1926;360;74.38317;489;
934;234;47.20068;489;
8267;1080;94.87717;489;
2548;432;81.29876;489;
4475;720;90.28939;489;
2875;540;85.73905;489;
722;234;42.771088;489;
1495;360;70.08953;489;
1979;432;77.717186;489;
6739;1080;94.08668;489;
3490;720;87.65252;489;
2233;540;80.51461;489;
1154;360;63.548252;489;
1531;432;71.282936;489;
554;234;37.45781;489;
5389;1080;93.29008;489;
1724;540;73.761406;489;
2713;720;82.87945;489;
886;360;58.740795;489;
1177;432;65.61518;489;
4252;1080;92.59861;489;
2100;720;77.924126;489;
422;234;32.357613;489;
1325;540;67.97271;489;
676;360;52.00719;489;
900;432;61.542515;489;
321;234;27.946161;489;
3353;1080;89.173775;489;
1013;540;63.973694;489;
1619;720;72.701645;489;
513;360;46.63328;489;
685;432;52.712917;489;
243;234;23.73524;489;
1826;1080;71.38945;489;
835;720;53.99425;489;
256;360;29.363739;489;
342;432;34.49247;489;
120;234;13.877677;489;
991;1080;52.51457;489;
513;540;44.45683;489;
436;720;36.945618;489;
264;540;26.298271;489;
61;234;5.6878495;489;
130;360;17.512129;489;
175;432;21.530708;489;
145;540;14.983594;489;
552;1080;34.91966;489;
242;720;20.768082;489;
95;432;10.306148;489;
70;360;8.233767;489;
33;234;4.0108624;489;
316;1080;21.485485;489;
139;720;10.309178;489;
40;360;4.054746;489;
82;540;6.7052674;489;
54;432;4.4154506;489;
19;234;3.1570787;489;
286;1080;18.48154;489;
125;720;9.077399;489;
74;540;6.1016235;489;
36;360;3.853691;489;
49;432;4.130043;489;
17;234;3.0172195;489;
8746;1080;96.834526;493;
4117;720;90.989265;493;
1420;360;74.651634;493;
2649;540;88.335594;493;
1803;432;80.07223;493;
731;234;50.393665;493;
6949;1080;94.56446;493;
3200;720;89.749916;493;
2062;540;86.52644;493;
1124;360;72.6377;493;
1422;432;77.6739;493;
580;234;46.44765;493;
5387;1080;93.698586;493;
2503;720;88.45257;493;
1620;540;82.784454;493;
1125;432;75.28327;493;
459;234;42.43607;493;
889;360;69.82171;493;
4242;1080;93.473045;493;
1967;720;86.895805;493;
1270;540;79.10697;493;
705;360;65.104706;493;
890;432;72.269775;493;
365;234;39.117466;493;
3273;1080;93.29104;493;
1566;720;82.1678;493;
563;360;59.748165;493;
1007;540;76.166115;493;
707;432;67.535324;493;
289;234;35.317936;493;
2630;1080;90.223236;493;
1255;720;79.426994;493;
804;540;70.90316;493;
450;360;55.33003;493;
567;432;62.59961;493;
230;234;30.524101;493;
2111;1080;87.06497;493;
1008;720;76.05233;493;
645;540;65.234886;493;
358;360;49.088905;493;
450;432;54.790066;493;
183;234;25.707182;493;
1250;1080;75.39232;493;
594;720;55.895664;493;
263;432;37.284847;493;
210;360;31.517315;493;
375;540;46.655903;493;
107;234;14.968717;493;
764;1080;58.25623;493;
361;720;39.255398;493;
228;540;27.493376;493;
128;360;18.403189;493;
161;432;21.420012;493;
66;234;6.121133;493;
505;1080;36.23543;493;
229;720;21.100834;493;
147;540;14.722541;493;
81;360;8.890491;493;
104;432;10.195899;493;
41;234;3.9559155;493;
312;1080;21.777328;493;
145;720;10.334728;493;
92;540;6.678935;493;
51;360;4.35604;493;
25;234;3.1555433;493;
66;432;4.4230213;493;
281;1080;18.721699;493;
131;720;9.143687;493;
83;540;6.0763154;493;
45;360;4.0435276;493;
58;432;4.1397524;493;
23;234;3.0381985;493;
14246;1080;98.0433;494;
5599;540;92.99262;494;
3907;432;85.51072;494;
8911;720;93.60151;494;
2968;360;79.65647;494;
4402;540;88.77981;494;
2310;360;76.22134;494;
6989;720;93.71076;494;
1411;234;51.618702;494;
1097;234;47.370667;494;
3036;432;82.8129;494;
5476;720;91.48614;494;
9870;1080;96.85119;494;
3440;540;85.89098;494;
1792;360;71.33379;494;
2354;432;78.74769;494;
847;234;42.994648;494;
8101;1080;95.441345;494;
2678;540;81.09855;494;
4284;720;87.72884;494;
1386;360;63.90344;494;
652;234;38.154293;494;
1822;432;72.05929;494;
6600;1080;93.77441;494;
3345;720;83.87867;494;
2078;540;74.66092;494;
1069;360;59.05321;494;
500;234;31.96203;494;
5203;1080;92.46791;494;
1406;432;65.38947;494;
2604;720;77.578156;494;
1606;540;68.00176;494;
1081;432;61.123844;494;
381;234;27.30996;494;
820;360;51.527195;494;
11858;1080;97.28653;494;
4112;1080;88.10706;494;
1237;540;63.57156;494;
2021;720;71.51757;494;
626;360;47.22465;494;
828;432;52.9609;494;
289;234;23.163479;494;
2300;1080;68.50507;494;
1052;720;54.108448;494;
630;540;44.521465;494;
312;360;28.351507;494;
417;432;34.250942;494;
142;234;13.546632;494;
1256;1080;51.916927;494;
551;720;35.663025;494;
324;540;25.545221;494;
71;234;5.646529;494;
213;432;21.310322;494;
158;360;17.17256;494;
733;1080;32.61364;494;
180;540;14.860127;494;
308;720;19.773779;494;
85;360;8.133551;494;
117;432;10.42188;494;
38;234;4.036324;494;
447;1080;19.743267;494;
103;540;6.711873;494;
181;720;10.36484;494;
66;432;4.4081984;494;
47;360;4.0098486;494;
21;234;3.1655169;494;
165;720;9.091872;494;
408;1080;17.907616;494;
42;360;3.8183975;494;
93;540;6.110361;494;
59;432;4.124161;494;
18;234;3.0183334;494;
14239;1080;97.98083;498;
8778;720;93.67941;498;
5562;540;92.8763;498;
2926;360;79.62333;498;
3858;432;85.4054;498;
11872;1080;97.22242;498;
1391;234;52.011917;498;
6865;720;93.54551;498;
4365;540;88.71596;498;
2271;360;76.22573;498;
2994;432;82.7468;498;
9836;1080;96.47772;498;
5360;720;91.33263;498;
3405;540;85.888985;498;
1079;234;47.77497;498;
2316;432;78.665016;498;
831;234;43.33124;498;
1756;360;71.28567;498;
8128;1080;95.46141;498;
4180;720;87.68924;498;
2645;540;81.07417;498;
1353;360;63.763172;498;
1787;432;71.930824;498;
638;234;38.23047;498;
6485;1080;93.69468;498;
3255;720;83.683685;498;
2049;540;74.461716;498;
1041;360;59.065754;498;
1377;432;65.402824;498;
487;234;32.212135;498;
5217;1080;92.446434;498;
2528;720;77.650375;498;
797;360;51.580044;498;
1582;540;67.99738;498;
1056;432;61.25735;498;
371;234;27.563898;498;
4055;1080;88.15445;498;
1215;540;63.48454;498;
1957;720;71.58108;498;
608;360;47.133724;498;
807;432;52.870403;498;
281;234;23.434414;498;
2268;1080;68.58893;498;
1014;720;54.04446;498;
617;540;44.45133;498;
302;360;28.509079;498;
405;432;34.19929;498;
138;234;13.730586;498;
1227;1080;51.95596;498;
530;720;35.66322;498;
316;540;25.493538;498;
152;360;17.311737;498;
206;432;21.268206;498;
69;234;5.666604;498;
708;1080;32.914448;498;
296;720;19.916683;498;
174;540;14.827208;498;
82;360;8.220816;498;
112;432;10.367502;498;
436;1080;19.862116;498;
37;234;4.0128922;498;
176;720;10.351257;498;
101;540;6.700551;498;
46;360;4.0490074;498;
20;234;3.1566162;498;
64;432;4.40856;498;
402;1080;17.96348;498;
160;720;9.0886545;498;
91;540;6.0988784;498;
57;432;4.1245313;498;
41;360;3.8485904;498;
18;234;3.0165606;498;
1578;432;79.21696;499;
2328;540;87.96238;499;
3790;720;90.85296;499;
1180;360;75.1787;499;
8738;1080;96.81874;499;
6477;1080;94.24186;499;
595;234;49.573025;499;
2923;720;89.53551;499;
1788;540;85.19555;499;
1239;432;77.73368;499;
468;234;46.43903;499;
4958;1080;93.69169;499;
920;360;72.971085;499;
1389;540;82.21351;499;
723;360;69.653656;499;
2282;720;88.14361;499;
370;234;43.3619;499;
976;432;75.620766;499;
4043;1080;93.51591;499;
1790;720;86.74157;499;
1089;540;80.01806;499;
570;360;65.41832;499;
293;234;40.030716;499;
776;432;72.44543;499;
2954;1080;92.99535;499;
1421;720;82.4246;499;
860;540;76.24354;499;
620;432;67.94395;499;
453;360;61.0674;499;
234;234;36.992195;499;
2337;1080;89.72325;499;
1134;720;79.58533;499;
362;360;57.473072;499;
685;540;71.47785;499;
494;432;63.470333;499;
2009;1080;87.3036;499;
187;234;31.956972;499;
913;720;76.40183;499;
548;540;67.73196;499;
289;360;50.993423;499;
396;432;56.726574;499;
1189;1080;75.5704;499;
541;720;57.992245;499;
150;234;26.639757;499;
323;540;48.79871;499;
171;360;33.287197;499;
231;432;38.90798;499;
693;1080;59.96401;499;
88;234;15.584832;499;
194;540;29.33252;499;
326;720;40.79357;499;
138;432;22.062366;499;
102;360;18.951006;499;
54;234;6.4090657;499;
446;1080;37.855568;499;
199;720;21.93465;499;
123;540;14.816361;499;
65;360;9.061295;499;
86;432;10.154698;499;
34;234;3.9595242;499;
275;1080;22.898909;499;
126;720;10.328601;499;
78;540;6.707611;499;
42;360;4.4386516;499;
55;432;4.4598217;499;
23;234;3.1906328;499;
246;1080;18.94917;499;
114;720;9.15686;499;
69;540;6.1038194;499;
38;360;4.0939245;499;
50;432;4.174492;499;
20;234;3.0501442;499;
3622;720;90.740486;500;
8374;1080;96.31389;500;
1487;432;79.07942;500;
1135;360;75.28095;500;
2259;540;87.73327;500;
573;234;49.43589;500;
6525;1080;94.26881;500;
1736;540;85.02357;500;
2774;720;89.40786;500;
882;360;72.92968;500;
447;234;46.45536;500;
1155;432;77.82104;500;
2153;720;87.875435;500;
4993;1080;93.69193;500;
1347;540;82.14706;500;
688;360;69.47932;500;
905;432;75.82138;500;
349;234;43.412838;500;
3827;1080;93.56458;500;
1683;720;86.68453;500;
1055;540;79.95486;500;
540;360;65.56521;500;
710;432;72.46862;500;
273;234;40.195538;500;
2969;1080;93.02202;500;
1330;720;82.13455;500;
833;540;76.28529;500;
426;360;61.32413;500;
561;432;68.12884;500;
215;234;37.37604;500;
2344;1080;89.730995;500;
1061;720;79.71416;500;
664;540;71.65359;500;
337;360;58.066807;500;
445;432;63.667755;500;
171;234;32.251266;500;
1860;1080;87.73589;500;
851;720;76.65511;500;
528;540;67.9886;500;
268;360;51.55238;500;
355;432;57.709614;500;
135;234;26.81618;500;
1097;1080;75.91857;500;
500;720;59.918205;500;
306;540;49.613693;500;
155;360;33.868458;500;
206;432;40.113693;500;
78;234;15.720138;500;
667;1080;60.49744;500;
303;720;41.81502;500;
184;540;29.91761;500;
93;360;19.11005;500;
123;432;22.60989;500;
46;234;6.4283614;500;
423;1080;38.29333;500;
192;720;22.126732;500;
116;540;14.812566;500;
58;360;9.069997;500;
78;432;10.127006;500;
29;234;3.9580097;500;
263;1080;23.297745;500;
121;720;10.33171;500;
72;540;6.7102394;500;
36;360;4.4411826;500;
48;432;4.465324;500;
18;234;3.1951933;500;
243;1080;18.965708;500;
110;720;9.15956;500;
66;540;6.1053815;500;
33;360;4.098901;500;
44;432;4.1792955;500;
17;234;3.0525055;500;
3816;540;88.56374;503;
2031;360;76.1427;503;
6015;720;92.86298;503;
10455;1080;96.943665;503;
2644;432;82.9277;503;
1012;234;52.63734;503;
8747;1080;96.590385;503;
4674;720;91.04815;503;
2979;540;87.624695;503;
1580;360;73.264336;503;
2053;432;80.188484;503;
788;234;48.169254;503;
7157;1080;93.55683;503;
3640;720;89.64762;503;
2323;540;85.00608;503;
1231;360;69.31449;503;
1598;432;76.26595;503;
612;234;42.963703;503;
5728;1080;93.54998;503;
2848;720;87.92373;503;
1817;540;79.44614;503;
962;360;64.88973;503;
1249;432;71.33629;503;
477;234;38.985203;503;
4552;1080;93.2333;503;
1426;540;74.209465;503;
2239;720;82.26335;503;
752;360;59.355537;503;
978;432;66.35788;503;
371;234;34.025967;503;
1769;720;78.16938;503;
3608;1080;92.33427;503;
1123;540;69.21711;503;
589;360;53.250378;503;
768;432;61.53868;503;
289;234;29.57283;503;
2875;1080;88.545616;503;
1404;720;73.694176;503;
887;540;63.397884;503;
462;360;47.186146;503;
604;432;52.37208;503;
225;234;25.154354;503;
1674;1080;72.519875;503;
799;720;53.536095;503;
497;540;44.11231;503;
334;432;34.327633;503;
254;360;29.889032;503;
121;234;14.753273;503;
466;720;36.002663;503;
1018;1080;52.454647;503;
285;540;25.367378;503;
142;360;18.17506;503;
189;432;21.088673;503;
67;234;6.061724;503;
170;540;14.596812;503;
82;360;8.828542;503;
111;432;10.221206;503;
644;1080;33.794827;503;
284;720;20.086126;503;
38;234;3.956706;503;
389;1080;20.41698;503;
166;720;10.357627;503;
96;540;6.670191;503;
45;360;4.327103;503;
61;432;4.420737;503;
20;234;3.1542206;503;
353;1080;18.345297;503;
149;720;9.144393;503;
85;540;6.0682826;503;
40;360;4.0311985;503;
55;432;4.1360784;503;
18;234;3.0396233;503;
1563;360;71.55147;506;
5054;720;90.801476;506;
2111;432;80.21407;506;
9902;1080;97.726395;506;
3102;540;87.641975;506;
762;234;44.393524;506;
7748;1080;95.461464;506;
3854;720;89.259575;506;
2369;540;86.76659;506;
1199;360;69.922134;506;
1621;432;77.18697;506;
588;234;41.814465;506;
2947;720;87.8157;506;
917;360;66.85958;506;
453;234;38.85397;506;
1240;432;74.43423;506;
4597;1080;93.54182;506;
2269;720;86.44308;506;
709;360;62.404346;506;
1399;540;77.93543;506;
958;432;71.07394;506;
1742;720;81.3095;506;
3580;1080;93.344864;506;
350;234;34.965977;506;
1082;540;75.81386;506;
550;360;57.916065;506;
739;432;66.6209;506;
273;234;31.839859;506;
2795;1080;90.31731;506;
1347;720;79.55724;506;
838;540;72.05053;506;
425;360;54.109882;506;
575;432;62.890896;506;
213;234;27.217175;506;
2196;1080;87.18879;506;
1050;720;76.14121;506;
656;540;67.8576;506;
335;360;48.711353;506;
447;432;56.61568;506;
168;234;22.393003;506;
1238;1080;75.79318;506;
580;720;57.059147;506;
363;540;50.32788;506;
186;360;31.722664;506;
248;432;40.25572;506;
96;234;12.670239;506;
721;1080;59.755486;506;
343;720;39.93185;506;
216;540;31.644638;506;
112;360;16.862598;506;
149;432;23.899155;506;
58;234;5.844755;506;
226;720;20.402374;506;
464;1080;37.623196;506;
143;540;17.298553;506;
74;360;7.336423;506;
99;432;11.433353;506;
293;1080;22.14492;506;
37;234;4.417533;506;
146;720;9.990324;506;
89;540;7.162821;506;
62;432;4.7532134;506;
46;360;3.6853852;506;
24;234;3.3702393;506;
264;1080;18.448877;506;
131;720;8.65237;506;
82;540;6.2729053;506;
41;360;3.5189905;506;
22;234;3.1344318;506;
56;432;4.2398;506;
12136;1080;97.694115;507;
6193;720;92.92225;507;
3916;540;88.608025;507;
2640;432;82.755104;507;
1953;360;74.607796;507;
893;234;48.21908;507;
9557;1080;97.198616;507;
4797;720;91.04554;507;
3029;540;87.527145;507;
1509;360;71.95252;507;
2039;432;79.99818;507;
688;234;44.94604;507;
3700;720;89.60878;507;
2331;540;84.97544;507;
1158;360;68.055916;507;
1567;432;75.957634;507;
527;234;40.604435;507;
5805;1080;93.63517;507;
2853;720;87.80491;507;
1790;540;79.21705;507;
886;360;63.53411;507;
1200;432;71.135445;507;
4526;1080;93.290054;507;
400;234;36.551697;507;
2200;720;82.074844;507;
1373;540;74.15508;507;
676;360;58.1421;507;
916;432;66.571495;507;
304;234;32.788815;507;
3518;1080;92.37151;507;
1696;720;78.1427;507;
1051;540;69.71491;507;
513;360;53.01569;507;
697;432;61.817616;507;
230;234;28.427296;507;
2745;1080;87.74448;507;
800;540;64.34008;507;
528;432;52.90739;507;
1304;720;74.18339;507;
389;360;47.805904;507;
174;234;23.755814;507;
1498;1080;74.35912;507;
669;720;54.243793;507;
402;540;46.195774;507;
193;360;31.62434;507;
263;432;37.807133;507;
828;1080;56.200603;507;
205;540;29.441097;507;
88;234;13.690527;507;
348;720;40.24287;507;
134;432;22.695923;507;
99;360;17.625635;507;
47;234;5.6573844;507;
196;720;22.092571;507;
461;1080;37.541634;507;
116;540;15.264329;507;
57;360;7.9741073;507;
77;432;10.359644;507;
27;234;4.085141;507;
275;1080;22.657118;507;
120;720;10.335447;507;
35;360;3.935823;507;
47;432;4.423585;507;
17;234;3.1905394;507;
70;540;6.746335;507;
251;1080;18.540386;507;
64;540;6.141309;507;
109;720;9.088862;507;
43;432;4.13745;507;
31;360;3.7640247;507;
15;234;3.0243406;507;
4501;540;89.59785;513;
7074;720;94.18541;513;
12186;1080;97.20898;513;
2248;360;77.12403;513;
3022;432;84.29333;513;
10225;1080;96.72118;513;
1058;234;52.49554;513;
5468;720;91.8374;513;
1745;360;74.01153;513;
3488;540;87.676994;513;
8378;1080;94.869835;513;
824;234;48.310337;513;
2332;432;80.870575;513;
2685;540;85.55755;513;
4215;720;90.16299;513;
638;234;43.03086;513;
1351;360;69.79167;513;
1795;432;77.03658;513;
6750;1080;94.06679;513;
2067;540;80.389;513;
3250;720;87.81515;513;
1043;360;64.60198;513;
1383;432;71.30685;513;
495;234;38.780823;513;
2514;720;82.70341;513;
5347;1080;93.260445;513;
1593;540;73.917496;513;
805;360;59.31941;513;
1064;432;65.97753;513;
381;234;33.73213;513;
4199;1080;92.52988;513;
1945;720;77.91093;513;
1228;540;68.626144;513;
620;360;52.92294;513;
293;234;29.356491;513;
3294;1080;89.07385;513;
1507;720;73.493095;513;
947;540;63.393295;513;
818;432;61.4038;513;
225;234;24.991047;513;
477;360;47.034737;513;
629;432;52.421963;513;
1805;1080;71.48606;513;
806;720;53.58659;513;
497;540;44.135193;513;
248;360;30.016216;513;
329;432;34.422607;513;
1006;1080;52.47983;513;
116;234;14.680149;513;
439;720;36.61627;513;
267;540;25.8224;513;
130;360;18.199516;513;
175;432;21.263111;513;
61;234;5.9971967;513;
585;1080;34.537098;513;
248;720;20.623055;513;
149;540;14.72319;513;
73;360;8.767575;513;
98;432;10.180837;513;
33;234;3.9565315;513;
357;1080;20.837017;513;
149;720;10.335547;513;
85;540;6.6699038;513;
39;360;4.2932186;513;
54;432;4.4203715;513;
18;234;3.1498861;513;
135;720;9.134643;513;
329;1080;18.439278;513;
77;540;6.0665073;513;
49;432;4.135013;513;
35;360;4.015884;513;
16;234;3.0360346;513;
12308;1080;97.10607;514;
4860;540;90.70696;514;
3387;432;84.95217;514;
2567;360;79.16702;514;
7574;720;94.25608;514;
10250;1080;96.602715;514;
1253;234;55.078205;514;
2629;432;81.766106;514;
3806;540;87.937;514;
967;234;50.695435;514;
5932;720;92.49566;514;
1990;360;75.76272;514;
2030;432;77.955666;514;
8492;1080;96.03222;514;
4628;720;90.6003;514;
2956;540;70.48132;514;
1534;360;71.108665;514;
741;234;44.71922;514;
3594;720;87.79811;514;
6949;1080;94.20593;514;
2278;540;80.67269;514;
1174;360;64.903114;514;
1558;432;71.59142;514;
564;234;40.02728;514;
5584;1080;93.27522;514;
2780;720;83.130394;514;
895;360;59.951626;514;
1749;540;73.99143;514;
428;234;34.66446;514;
1190;432;65.85108;514;
4413;1080;92.68142;514;
1338;540;68.15109;514;
2142;720;78.08088;514;
680;360;53.06571;514;
905;432;61.5778;514;
323;234;30.104044;514;
3478;1080;88.95191;514;
1644;720;72.3285;514;
1019;540;63.871037;514;
515;360;47.48012;514;
687;432;52.42898;514;
244;234;25.85603;514;
1898;1080;70.88991;514;
520;540;44.06766;514;
850;720;53.44801;514;
260;360;30.057264;514;
123;234;15.383424;514;
348;432;34.141228;514;
1056;1080;52.37576;514;
454;720;36.16021;514;
275;540;25.557709;514;
184;432;21.137882;514;
137;360;18.60841;514;
65;234;6.4841514;514;
617;1080;34.173233;514;
263;720;20.371807;514;
157;540;14.690474;514;
77;360;9.092142;514;
36;234;3.9626722;514;
104;432;10.233604;514;
360;1080;20.885313;514;
92;540;6.717269;514;
156;720;10.351369;514;
44;360;4.4615283;514;
60;432;4.468679;514;
21;234;3.2039928;514;
326;1080;18.55535;514;
141;720;9.161527;514;
83;540;6.11465;514;
39;360;4.1058416;514;
54;432;4.1840415;514;
19;234;3.053216;514;
12237;1080;97.288216;515;
4565;540;89.69984;515;
2345;360;77.434074;515;
7182;720;94.29911;515;
3075;432;84.356804;515;
1103;234;51.941444;515;
5565;720;91.93558;515;
3551;540;87.6881;515;
10216;1080;96.79369;515;
8399;1080;95.92918;515;
1826;360;74.27505;515;
860;234;48.24395;515;
2380;432;80.90495;515;
4306;720;90.21624;515;
2746;540;85.61509;515;
1415;360;69.73741;515;
667;234;42.945194;515;
1837;432;77.198906;515;
3326;720;87.77003;515;
6794;1080;94.10509;515;
1096;360;64.236046;515;
2121;540;80.46366;515;
1420;432;71.27233;515;
5452;1080;93.27073;515;
517;234;38.300293;515;
1640;540;73.84805;515;
2578;720;82.76607;515;
846;360;59.14746;515;
399;234;33.210102;515;
1095;432;65.89211;515;
4245;1080;92.57316;515;
1999;720;77.917694;515;
1267;540;68.34519;515;
652;360;52.52879;515;
845;432;61.39916;515;
306;234;28.818605;515;
3378;1080;89.075874;515;
1553;720;73.150185;515;
501;360;46.874554;515;
979;540;63.655552;515;
235;234;24.52549;515;
649;432;52.500145;515;
1836;1080;71.28147;515;
517;540;44.19681;515;
833;720;53.71001;515;
260;360;29.505089;515;
342;432;34.27738;515;
121;234;14.371104;515;
1030;1080;52.415253;515;
456;720;36.31684;515;
280;540;25.574663;515;
138;360;17.893627;515;
183;432;21.23255;515;
607;1080;34.23843;515;
64;234;5.82689;515;
259;720;20.421818;515;
156;540;14.72977;515;
75;360;8.602451;515;
86;540;6.6721287;515;
361;1080;20.730368;515;
102;432;10.219885;515;
150;720;10.3322;515;
34;234;3.9588184;515;
18;234;3.1383781;515;
40;360;4.2129016;515;
55;432;4.4132957;515;
330;1080;18.381481;515;
136;720;9.12072;515;
77;540;6.0690064;515;
49;432;4.1286163;515;
35;360;3.9694386;515;
16;234;3.019515;515;
7615;720;94.24203;516;
2599;360;79.17767;516;
12350;1080;97.14877;516;
4899;540;90.78621;516;
3421;432;84.92347;516;
10287;1080;96.64446;516;
3840;540;87.959175;516;
1273;234;54.468586;516;
5969;720;92.52128;516;
2018;360;75.78451;516;
2659;432;81.85116;516;
8527;1080;96.07119;516;
985;234;50.32092;516;
4661;720;90.610886;516;
755;234;44.32282;516;
2986;540;70.65153;516;
1557;360;71.283806;516;
2055;432;77.96253;516;
3623;720;87.771706;516;
2305;540;80.709404;516;
1195;360;64.66959;516;
6988;1080;94.230446;516;
1581;432;71.55065;516;
575;234;39.355614;516;
5622;1080;93.27958;516;
2807;720;83.13944;516;
1772;540;73.92022;516;
912;360;59.801304;516;
1209;432;65.75682;516;
437;234;33.956135;516;
4456;1080;92.71525;516;
2165;720;78.067955;516;
1358;540;68.0806;516;
694;360;52.803967;516;
922;432;61.693893;516;
331;234;29.418015;516;
3500;1080;88.95423;516;
1037;540;63.785954;516;
1665;720;72.22074;516;
527;360;47.382557;516;
250;234;25.24237;516;
701;432;52.461964;516;
1925;1080;70.734024;516;
865;720;53.529655;516;
532;540;44.07305;516;
357;432;34.042076;516;
267;360;29.74591;516;
1078;1080;52.306187;516;
126;234;14.946951;516;
465;720;35.975502;516;
283;540;25.374144;516;
141;360;18.377632;516;
189;432;21.074326;516;
67;234;6.210001;516;
628;1080;34.011993;516;
270;720;20.27616;516;
161;540;14.646394;516;
107;432;10.214553;516;
79;360;8.967062;516;
366;1080;20.757133;516;
37;234;3.955742;516;
160;720;10.35324;516;
45;360;4.3933263;516;
94;540;6.6883955;516;
61;432;4.4388666;516;
21;234;3.1690197;516;
331;1080;18.48788;516;
145;720;9.152825;516;
84;540;6.086135;516;
40;360;4.0676107;516;
55;432;4.1542172;516;
19;234;3.0463295;516;
5776;432;89.31483;517;
7853;540;97.761955;517;
17705;1080;99.92919;517;
12243;720;93.25407;517;
2187;234;50.641006;517;
14813;1080;98.35541;517;
4413;360;83.925385;517;
9882;720;92.83857;517;
6357;540;93.98487;517;
3519;360;79.10432;517;
4609;432;85.12754;517;
1737;234;47.41549;517;
7934;720;93.63866;517;
12417;1080;97.496735;517;
2781;360;75.59063;517;
5107;540;89.52245;517;
3650;432;82.23072;517;
1366;234;42.55622;517;
6343;720;90.5495;517;
10406;1080;97.057594;517;
2870;432;76.77001;517;
2181;360;67.78004;517;
4076;540;83.70529;517;
1063;234;37.952602;517;
8696;1080;96.221054;517;
5037;720;85.79862;517;
1693;360;60.35589;517;
3222;540;77.51098;517;
2237;432;69.34103;517;
818;234;32.015476;517;
7197;1080;93.27085;517;
2528;540;70.94007;517;
3980;720;80.19251;517;
1306;360;51.443733;517;
1733;432;60.292454;517;
625;234;26.38415;517;
5925;1080;88.637115;517;
3126;720;74.71678;517;
1969;540;63.006744;517;
1000;360;46.493973;517;
1333;432;54.71927;517;
3515;1080;74.13806;517;
474;234;21.500685;517;
1682;720;53.568066;517;
1029;540;47.443478;517;
504;360;27.384676;517;
680;432;35.41842;517;
233;234;12.072419;517;
2026;1080;52.10789;517;
897;720;35.320255;517;
537;540;26.67659;517;
350;432;22.105644;517;
257;360;15.993116;517;
117;234;5.698758;517;
1210;1080;32.509403;517;
516;720;19.442476;517;
143;360;7.4904466;517;
304;540;15.709316;517;
195;432;11.550472;517;
65;234;4.286133;517;
752;1080;18.066399;517;
177;540;6.910726;517;
306;720;10.599895;517;
81;360;3.7422943;517;
112;432;4.6992173;517;
36;234;3.2733097;517;
276;720;9.056911;517;
688;1080;17.067379;517;
159;540;6.2089663;517;
72;360;3.561874;517;
101;432;4.20666;517;
32;234;3.061058;517;
2825;432;83.55945;521;
6637;720;93.51743;521;
4170;540;88.91891;521;
11767;1080;97.8191;521;
2116;360;74.861984;521;
1015;234;46.490948;521;
9757;1080;97.375496;521;
5189;720;91.4465;521;
3259;540;87.410225;521;
1651;360;71.92033;521;
2199;432;80.317314;521;
792;234;43.48029;521;
8050;1080;95.59864;521;
4049;720;89.927025;521;
2534;540;85.26026;521;
1285;360;68.13477;521;
615;234;39.81993;521;
1711;432;76.12955;521;
3164;720;87.76458;521;
6539;1080;93.99146;521;
1972;540;79.42219;521;
1000;360;62.70032;521;
1331;432;70.78828;521;
477;234;35.880363;521;
5258;1080;93.325264;521;
2477;720;82.56658;521;
1537;540;73.466415;521;
776;360;57.810825;521;
370;234;31.08575;521;
1032;432;65.7068;521;
4216;1080;92.60407;521;
1944;720;77.837166;521;
1201;540;68.66475;521;
804;432;61.639317;521;
603;360;51.985916;521;
287;234;26.747034;521;
3328;1080;89.33892;521;
1530;720;73.81736;521;
939;540;64.66253;521;
470;360;46.575527;521;
626;432;53.59677;521;
224;234;22.311577;521;
1901;1080;71.02253;521;
855;720;54.490105;521;
519;540;45.906315;521;
257;360;29.357788;521;
344;432;35.685078;521;
123;234;12.7233095;521;
492;720;36.012127;521;
1097;1080;52.364674;521;
297;540;27.23277;521;
146;360;16.891764;521;
196;432;22.51553;521;
70;234;5.6485825;521;
679;1080;33.260937;521;
302;720;19.900368;521;
181;540;15.882689;521;
89;360;7.6363173;521;
43;234;4.2248273;521;
119;432;11.112887;521;
438;1080;19.686356;521;
193;720;10.441958;521;
114;540;6.853383;521;
55;360;3.7895904;521;
74;432;4.597733;521;
26;234;3.2486038;521;
406;1080;17.773623;521;
176;720;9.113753;521;
49;360;3.6203365;521;
104;540;6.19669;521;
67;432;4.205758;521;
23;234;3.044137;521;
6947;720;94.009315;525;
4539;540;89.66083;525;
2500;360;78.38351;525;
3240;432;84.66007;525;
12434;1080;97.24982;525;
1292;234;53.531796;525;
9943;1080;96.73339;525;
5525;720;91.90507;525;
3609;540;87.71557;525;
2576;432;81.471245;525;
1987;360;75.314865;525;
1023;234;49.528095;525;
4400;720;90.32517;525;
2867;540;85.759575;525;
7960;1080;94.43319;525;
1571;360;71.093895;525;
803;234;44.2462;525;
2042;432;77.877205;525;
6382;1080;93.83636;525;
3509;720;87.75512;525;
2275;540;80.61849;525;
1237;360;64.24152;525;
626;234;38.959057;525;
5125;1080;93.2544;525;
1613;432;71.51005;525;
1800;540;73.83916;525;
2795;720;83.086586;525;
968;360;59.59905;525;
1268;432;65.6022;525;
484;234;33.158745;525;
4124;1080;92.47933;525;
2220;720;78.06416;525;
752;360;52.213074;525;
1418;540;67.991035;525;
991;432;61.700157;525;
371;234;28.562075;525;
3329;1080;89.07377;525;
1111;540;63.4632;525;
1754;720;72.02572;525;
581;360;47.39059;525;
770;432;52.632175;525;
282;234;24.425444;525;
1959;1080;70.55372;525;
957;720;53.680454;525;
591;540;44.119774;525;
298;360;28.940327;525;
402;432;33.942776;525;
141;234;14.417957;525;
1156;1080;52.09679;525;
517;720;35.423218;525;
310;540;25.18158;525;
151;360;17.954926;525;
207;432;21.009134;525;
70;234;5.9412003;525;
675;1080;33.387657;525;
170;540;14.617158;525;
291;720;19.99053;525;
80;360;8.720699;525;
111;432;10.233012;525;
37;234;3.9582953;525;
385;1080;20.427189;525;
165;720;10.353536;525;
94;540;6.666657;525;
43;360;4.271742;525;
60;432;4.4146037;525;
20;234;3.1454487;525;
350;1080;18.32439;525;
148;720;9.134675;525;
84;540;6.0643983;525;
39;360;4.0009737;525;
18;234;3.0303946;525;
54;432;4.1299334;525;
3883;540;88.73931;529;
6042;720;92.94316;529;
10275;1080;96.83489;529;
2740;432;83.62308;529;
2096;360;76.882545;529;
4747;720;91.17016;529;
1038;234;54.37945;529;
8295;1080;95.98386;529;
3066;540;87.69395;529;
1640;360;73.94906;529;
2150;432;80.646065;529;
811;234;49.506527;529;
6784;1080;94.27735;529;
2414;540;85.233955;529;
3734;720;89.82282;529;
631;234;44.157406;529;
1681;432;76.76008;529;
1280;360;69.814156;529;
5481;1080;93.50517;529;
1898;540;79.806755;529;
996;360;65.36256;529;
1312;432;71.49885;529;
2939;720;87.96934;529;
488;234;40.46637;529;
4399;1080;93.23673;529;
2315;720;82.45278;529;
771;360;59.884083;529;
1488;540;74.25398;529;
1021;432;66.30605;529;
3545;1080;92.33311;529;
374;234;35.478123;529;
1162;540;69.26804;529;
1822;720;78.157875;529;
594;360;53.71951;529;
791;432;61.53658;529;
285;234;31.116545;529;
2869;1080;88.59334;529;
1431;720;73.55356;529;
904;540;63.247036;529;
610;432;52.33959;529;
456;360;47.643276;529;
217;234;26.463097;529;
1668;1080;72.59609;529;
776;720;53.3655;529;
233;360;31.01218;529;
478;540;44.106686;529;
316;432;34.725075;529;
110;234;15.904109;529;
976;1080;52.637043;529;
425;720;36.828377;529;
258;540;26.117794;529;
125;360;18.86994;529;
170;432;21.33665;529;
59;234;6.6615386;529;
603;1080;34.37054;529;
255;720;20.50003;529;
151;540;14.771171;529;
73;360;9.1694;529;
99;432;10.267266;529;
34;234;3.9865665;529;
345;1080;21.13527;529;
144;720;10.34019;529;
84;540;6.752491;529;
40;360;4.5042777;529;
19;234;3.2271547;529;
55;432;4.5050025;529;
307;1080;18.68278;529;
128;720;9.164004;529;
75;540;6.149201;529;
49;432;4.2203784;529;
36;360;4.1314683;529;
17;234;3.05894;529;
4915;1080;94.27767;538;
1130;540;84.39927;538;
2001;720;88.657486;538;
709;432;77.90084;538;
509;360;71.52999;538;
3580;1080;94.33132;538;
253;234;45.75059;538;
1475;720;86.715034;538;
400;360;69.22457;538;
854;540;82.69173;538;
204;234;43.463005;538;
547;432;76.07575;538;
2584;1080;88.59072;538;
1101;720;86.6645;538;
653;540;80.99671;538;
318;360;67.31918;538;
166;234;41.236183;538;
426;432;74.016884;538;
1866;1080;91.07725;538;
832;720;86.72703;538;
504;540;80.713806;538;
254;360;65.90277;538;
336;432;71.37416;538;
134;234;38.454987;538;
390;540;77.61703;538;
1375;1080;91.41068;538;
635;720;82.90033;538;
266;432;68.31566;538;
204;360;62.980213;538;
1020;1080;89.835434;538;
108;234;36.177944;538;
489;720;80.29186;538;
163;360;60.52869;538;
305;540;74.60225;538;
212;432;64.55392;538;
774;1080;87.5561;538;
385;720;78.14443;538;
88;234;30.923447;538;
241;540;72.81403;538;
169;432;62.39176;538;
131;360;54.285633;538;
70;234;25.37571;538;
218;720;67.756485;538;
429;1080;77.72311;538;
42;234;14.538612;538;
139;540;56.327488;538;
99;432;44.45338;538;
77;360;35.398193;538;
244;1080;70.47559;538;
83;540;35.96194;538;
127;720;47.409428;538;
46;360;19.126122;538;
59;432;25.937593;538;
26;234;5.761319;538;
78;720;25.62996;538;
142;1080;46.33493;538;
51;540;16.17137;538;
37;432;10.13321;538;
29;360;8.19468;538;
85;1080;28.66697;538;
16;234;4.0247498;538;
46;720;10.5470915;538;
17;360;4.0380363;538;
30;540;6.729645;538;
21;432;4.4392285;538;
10;234;3.171877;538;
77;1080;19.58474;538;
40;720;9.108208;538;
26;540;6.120877;538;
15;360;3.8451128;538;
19;432;4.151732;538;
8;234;3.0253248;538;
2136;360;75.61733;559;
3896;540;88.58259;559;
2762;432;83.48107;559;
6367;720;93.13731;559;
11666;1080;97.6211;559;
1108;234;49.04742;559;
9352;1080;97.18194;559;
4863;720;91.10705;559;
3026;540;87.52959;559;
1658;360;72.5675;559;
2133;432;80.33254;559;
863;234;45.491577;559;
7586;1080;95.0923;559;
2351;540;85.02581;559;
3719;720;89.63332;559;
1291;360;68.61123;559;
1653;432;76.25633;559;
672;234;41.745136;559;
5971;1080;93.70707;559;
2861;720;87.80379;559;
1835;540;79.29805;559;
1288;432;71.08541;559;
1010;360;63.375446;559;
525;234;36.75814;559;
1441;540;73.99885;559;
4689;1080;93.29342;559;
2221;720;82.11184;559;
1010;432;65.985985;559;
794;360;58.293194;559;
3651;1080;92.39124;559;
411;234;31.775873;559;
1745;720;78.07198;559;
626;360;52.09307;559;
1140;540;69.16741;559;
322;234;27.298553;559;
798;432;61.476624;559;
2849;1080;88.130875;559;
1385;720;74.07043;559;
907;540;63.612156;559;
253;234;23.012493;559;
496;360;46.555218;559;
633;432;52.81431;559;
1643;1080;72.87078;559;
811;720;54.153133;559;
283;360;28.819748;559;
364;432;34.48964;559;
526;540;44.711838;559;
141;234;13.25843;559;
1023;1080;52.450012;559;
318;540;25.768366;559;
499;720;35.809322;559;
168;360;16.913315;559;
83;234;5.6129847;559;
219;432;21.422092;559;
684;1080;33.200203;559;
326;720;19.716446;559;
203;540;14.866789;559;
104;360;7.951613;559;
138;432;10.568217;559;
451;1080;19.646925;559;
51;234;4.0887904;559;
212;720;10.419812;559;
64;360;3.9219675;559;
129;540;6.7178497;559;
415;1080;17.815102;559;
30;234;3.1790771;559;
86;432;4.3963485;559;
194;720;9.106683;559;
118;540;6.129006;559;
78;432;4.1129804;559;
27;234;3.0152617;559;
58;360;3.7477188;559;
10954;1080;96.96517;561;
3329;540;88.289566;561;
1693;360;74.593605;561;
5486;720;92.33202;561;
2227;432;81.334435;561;
832;234;51.63374;561;
8649;1080;96.42348;561;
4091;720;90.53003;561;
2503;540;87.56017;561;
1675;432;78.42222;561;
635;234;47.261772;561;
1282;360;72.4547;561;
6735;1080;94.22997;561;
3051;720;88.98939;561;
1882;540;83.69124;561;
975;360;69.98627;561;
1267;432;75.51193;561;
485;234;42.776108;561;
5184;1080;93.48273;561;
2301;720;87.57666;561;
1431;540;79.07093;561;
748;360;65.2477;561;
967;432;71.88573;561;
373;234;39.44866;561;
3967;1080;93.23154;561;
1752;720;82.14684;561;
1096;540;76.145515;561;
577;360;59.808838;561;
745;432;67.42795;561;
287;234;35.681526;561;
3047;1080;91.97397;561;
1351;720;79.29264;561;
849;540;70.65264;561;
447;360;55.51646;561;
578;432;62.416653;561;
222;234;31.009598;561;
2366;1080;87.2022;561;
1054;720;75.714615;561;
662;540;65.03373;561;
348;360;49.42584;561;
451;432;54.74488;561;
172;234;26.101807;561;
1315;1080;75.18908;561;
585;720;56.20119;561;
365;540;47.02335;561;
189;360;32.457237;561;
247;432;38.119694;561;
91;234;15.30996;561;
739;1080;58.928944;561;
329;720;40.68458;561;
203;540;28.820211;561;
103;360;18.835249;561;
137;432;22.0909;561;
50;234;6.274464;561;
430;1080;38.15913;561;
192;720;22.129902;561;
117;540;14.805873;561;
59;360;9.00349;561;
78;432;10.11495;561;
28;234;3.9537086;561;
243;1080;24.029348;561;
112;720;10.341987;561;
68;540;6.698052;561;
34;360;4.404374;561;
45;432;4.453578;561;
17;234;3.1768732;561;
222;1080;19.074646;561;
102;720;9.159122;561;
62;540;6.092858;561;
31;360;4.080124;561;
41;432;4.1675453;561;
15;234;3.0502176;561;
7762;1080;95.98467;564;
2701;720;90.31495;564;
1536;540;86.504105;564;
711;360;77.30773;564;
944;432;81.60264;564;
5419;1080;94.22832;564;
1869;720;88.23655;564;
1098;540;85.04911;564;
331;234;55.68705;564;
534;360;73.926575;564;
694;432;79.07297;564;
3750;1080;94.28655;564;
255;234;52.443382;564;
1315;720;86.44814;564;
802;540;82.837654;564;
523;432;76.03988;564;
405;360;71.717995;564;
197;234;50.11118;564;
2636;1080;91.96517;564;
966;720;86.8811;564;
312;360;70.21873;564;
400;432;72.70403;564;
601;540;82.098976;564;
155;234;46.758976;564;
1891;1080;91.341286;564;
735;720;82.55713;564;
245;360;66.741264;564;
314;432;70.12445;564;
466;540;78.86696;564;
368;540;75.05738;564;
580;720;79.936104;564;
1398;1080;90.69808;564;
122;234;44.085827;564;
196;360;63.958153;564;
251;432;66.5141;564;
1064;1080;88.60342;564;
98;234;38.549236;564;
468;720;77.81126;564;
297;540;72.00854;564;
157;360;56.494396;564;
203;432;63.808277;564;
79;234;32.898846;564;
608;1080;77.99593;564;
287;720;65.42051;564;
181;540;55.850903;564;
96;360;38.685963;564;
48;234;20.564156;564;
125;432;45.60745;564;
361;1080;68.135155;564;
75;432;27.057755;564;
110;540;36.237816;564;
174;720;46.08181;564;
58;360;22.792517;564;
29;234;8.658484;564;
64;540;17.806704;564;
103;720;25.374609;564;
217;1080;44.434162;564;
33;360;11.389498;564;
43;432;12.030646;564;
125;1080;28.731007;564;
56;720;10.849565;564;
17;234;4.50955;564;
35;540;7.845747;564;
19;360;5.396765;564;
111;1080;20.267906;564;
24;432;5.496251;564;
10;234;3.5841923;564;
50;720;9.611623;564;
32;540;7.2372212;564;
17;360;4.660796;564;
22;432;5.20898;564;
9;234;3.2779646;564;
1972;432;80.64286;565;
9705;1080;97.40475;565;
4709;720;91.40507;565;
2878;540;88.21208;565;
1512;360;73.43258;565;
7686;1080;95.37411;565;
769;234;48.113785;565;
3517;720;89.86706;565;
2178;540;86.77288;565;
1154;360;71.176155;565;
590;234;44.391403;565;
1495;432;77.62264;565;
2648;720;88.480095;565;
5982;1080;93.89721;565;
1662;540;82.75335;565;
887;360;68.4253;565;
455;234;40.17101;565;
1146;432;75.0639;565;
4582;1080;93.519714;565;
2014;720;86.83081;565;
1280;540;78.90645;565;
688;360;63.679016;565;
885;432;72.08997;565;
352;234;36.66753;565;
995;540;76.28694;565;
537;360;58.83131;565;
3499;1080;93.341484;565;
1550;720;82.48461;565;
690;432;67.41295;565;
423;360;55.12618;565;
1211;720;79.96636;565;
782;540;71.18302;565;
543;432;63.09361;565;
2675;1080;90.091866;565;
274;234;33.39635;565;
214;234;28.776304;565;
2069;1080;87.16822;565;
621;540;66.20372;565;
958;720;76.720535;565;
334;360;49.01653;565;
429;432;55.868893;565;
1168;1080;75.74511;565;
167;234;23.976255;565;
559;720;57.86935;565;
360;540;47.8157;565;
248;432;38.542915;565;
191;360;31.708376;565;
719;1080;59.54649;565;
94;234;13.736183;565;
342;720;40.501186;565;
218;540;28.657421;565;
113;360;17.484608;565;
55;234;5.6533365;565;
148;432;22.252415;565;
461;1080;37.54198;565;
136;540;15.19842;565;
70;360;8.0201025;565;
218;720;21.476921;565;
92;432;10.387964;565;
134;720;10.32469;565;
41;360;3.9572725;565;
284;1080;22.37278;565;
82;540;6.7351246;565;
34;234;4.0711317;565;
20;234;3.1814528;565;
55;432;4.4173465;565;
258;1080;18.529896;565;
74;540;6.131481;565;
121;720;9.080024;565;
37;360;3.7789125;565;
49;432;4.1326046;565;
17;234;3.0216885;565;
4397;540;89.379265;568;
12930;1080;97.451904;568;
7137;720;94.22059;568;
2272;360;76.944466;568;
3036;432;84.274055;568;
1118;234;51.640247;568;
5518;720;91.854836;568;
3428;540;87.62503;568;
1773;360;73.88239;568;
10545;1080;96.8478;568;
2360;432;80.86599;568;
878;234;48.118397;568;
2668;540;85.52004;568;
8477;1080;96.02628;568;
4267;720;90.16192;568;
1387;360;69.63184;568;
1838;432;77.181496;568;
688;234;42.96773;568;
6734;1080;94.06457;568;
2080;540;80.41309;568;
3306;720;87.75532;568;
1084;360;64.09826;568;
1432;432;71.25385;568;
539;234;38.09214;568;
2567;720;82.729774;568;
5261;1080;93.26667;568;
1621;540;73.84129;568;
846;360;59.003216;568;
1116;432;65.806984;568;
4117;1080;92.48252;568;
420;234;32.934193;568;
2002;720;77.90677;568;
1266;540;68.33512;568;
661;360;52.347485;568;
328;234;28.430779;568;
871;432;61.45419;568;
3237;1080;89.11606;568;
1568;720;73.0477;568;
991;540;63.754925;568;
682;432;52.57664;568;
517;360;46.824646;568;
256;234;24.176998;568;
1810;1080;71.460144;568;
874;720;53.808037;568;
547;540;44.23634;568;
284;360;28.967476;568;
376;432;34.071323;568;
140;234;14.117192;568;
1070;1080;52.312466;568;
508;720;35.53729;568;
316;540;25.253536;568;
162;360;17.56223;568;
215;432;21.066671;568;
80;234;5.739004;568;
689;1080;33.187473;568;
321;720;19.7063;568;
197;540;14.539807;568;
99;360;8.480016;568;
133;432;10.351293;568;
48;234;3.9746246;568;
457;1080;19.782965;568;
208;720;10.39981;568;
125;540;6.656954;568;
61;360;4.155865;568;
83;432;4.3928494;568;
29;234;3.13406;568;
424;1080;18.003319;568;
191;720;9.133056;568;
114;540;6.065378;568;
55;360;3.923953;568;
76;432;4.10885;568;
26;234;3.0111246;568;
5324;540;92.083145;571;
8129;720;94.061806;571;
2860;360;79.7246;571;
13297;1080;97.46039;571;
3717;432;85.10897;571;
6483;720;93.10705;571;
1485;234;53.84621;571;
4265;540;88.541985;571;
11082;1080;96.93084;571;
2293;360;76.634674;571;
2974;432;82.745;571;
1195;234;49.796436;571;
9268;1080;96.61415;571;
5158;720;91.13569;571;
3393;540;85.901085;571;
1837;360;72.015495;571;
961;234;44.756298;571;
2378;432;78.86428;571;
4128;720;87.7391;571;
7752;1080;95.043594;571;
2706;540;81.14433;571;
1906;432;72.56775;571;
1472;360;64.152855;571;
3311;720;83.873985;571;
769;234;39.974796;571;
6329;1080;93.58788;571;
2162;540;74.77488;571;
1177;360;60.470547;571;
1523;432;65.636955;571;
614;234;32.959488;571;
5094;1080;92.54069;571;
2660;720;77.59575;571;
1734;540;68.26582;571;
1220;432;60.808094;571;
942;360;51.817295;571;
4124;1080;87.98958;571;
486;234;28.27464;571;
2143;720;71.78923;571;
975;432;53.118397;571;
751;360;47.475433;571;
1391;540;63.27895;571;
385;234;23.749048;571;
2493;1080;69.63728;571;
807;540;44.118748;571;
1255;720;53.35229;571;
428;360;27.835682;571;
558;432;33.775887;571;
214;234;13.748432;571;
1555;1080;51.52467;571;
746;720;35.270542;571;
467;540;24.594536;571;
243;360;16.977463;571;
318;432;20.553488;571;
1006;1080;32.38833;571;
119;234;5.6981688;571;
468;720;19.487164;571;
286;540;14.170935;571;
143;360;8.4382925;571;
191;432;10.551106;571;
67;234;3.979537;571;
643;1080;18.651283;571;
284;720;10.5000925;571;
170;540;6.6113577;571;
81;360;4.159926;571;
110;432;4.374017;571;
38;234;3.1268024;571;
591;1080;17.598555;571;
256;720;9.135482;571;
154;540;6.0537353;571;
72;360;3.9147859;571;
100;432;4.0920978;571;
34;234;3.0054073;571;
12273;1080;97.55966;579;
6389;720;93.158966;579;
3825;540;88.510605;579;
2632;432;82.74491;579;
1971;360;75.01597;579;
4753;720;90.99549;579;
9402;1080;97.04316;579;
989;234;49.703053;579;
2906;540;87.576;579;
1509;360;72.29493;579;
771;234;46.269787;579;
1993;432;79.91628;579;
7273;1080;94.74249;579;
3575;720;89.44158;579;
2221;540;84.70495;579;
1527;432;75.88395;579;
1164;360;68.367325;579;
602;234;41.68285;579;
5611;1080;93.552086;579;
2717;720;87.82572;579;
907;360;63.856274;579;
1713;540;79.15063;579;
1181;432;71.19881;579;
472;234;37.038578;579;
4348;1080;93.266304;579;
2095;720;81.87836;579;
1334;540;74.297295;579;
709;360;58.406803;579;
924;432;66.55555;579;
371;234;32.491985;579;
3416;1080;92.3269;579;
1637;720;78.39373;579;
1049;540;69.64782;579;
558;360;52.716583;579;
729;432;61.69269;579;
291;234;28.107548;579;
2710;1080;87.68426;579;
832;540;63.913692;579;
1296;720;74.12238;579;
442;360;46.82496;579;
577;432;52.63126;579;
229;234;23.677435;579;
748;720;53.93545;579;
1568;1080;73.55448;579;
476;540;44.546047;579;
249;360;29.577381;579;
328;432;34.774387;579;
127;234;13.685245;579;
942;1080;52.997265;579;
448;720;36.705013;579;
281;540;25.93004;579;
145;360;17.289722;579;
193;432;21.389927;579;
72;234;5.646573;579;
609;1080;34.176907;579;
287;720;20.043955;579;
176;540;14.872622;579;
88;360;8.1433115;579;
119;432;10.423689;579;
43;234;4.0345325;579;
387;1080;20.231544;579;
178;720;10.359937;579;
108;540;6.7088213;579;
52;360;4.0117183;579;
71;432;4.4045854;579;
25;234;3.1611156;579;
355;1080;18.10317;579;
160;720;9.08909;579;
96;540;6.1080995;579;
47;360;3.818571;579;
23;234;3.0144405;579;
64;432;4.120548;579;
13666;1080;97.22277;587;
4024;540;88.89928;587;
2038;360;76.56866;587;
7014;720;94.16881;587;
2768;432;83.78026;587;
10329;1080;96.59159;587;
1528;360;73.46498;587;
976;234;53.758945;587;
5087;720;91.48821;587;
2990;540;87.70617;587;
7811;1080;95.28121;587;
745;234;48.911213;587;
3729;720;89.81658;587;
2052;432;80.3018;587;
2254;540;84.88092;587;
573;234;43.79169;587;
1543;432;76.25256;587;
1158;360;69.975975;587;
5851;1080;93.60414;587;
1717;540;79.46021;587;
1173;432;71.546104;587;
886;360;65.491844;587;
2780;720;87.99222;587;
444;234;40.377422;587;
684;360;59.753063;587;
2107;720;82.08078;587;
4425;1080;93.23581;587;
1320;540;74.627556;587;
902;432;67.03624;587;
345;234;35.66643;587;
3410;1080;92.29873;587;
1024;540;69.60616;587;
1620;720;78.43811;587;
531;360;54.177994;587;
700;432;61.83436;587;
270;234;31.267807;587;
1263;720;73.8611;587;
2669;1080;87.731766;587;
801;540;63.848755;587;
418;360;48.114346;587;
549;432;52.401333;587;
1540;1080;73.84434;587;
212;234;26.444103;587;
715;720;53.3298;587;
453;540;44.217796;587;
311;432;34.92255;587;
237;360;30.856365;587;
121;234;15.70406;587;
944;1080;52.998043;587;
433;720;36.60892;587;
273;540;25.629955;587;
142;360;18.669924;587;
187;432;21.135592;587;
72;234;6.6092806;587;
615;1080;34.21426;587;
287;720;20.048693;587;
177;540;14.61847;587;
91;360;9.14134;587;
45;234;3.982153;587;
395;1080;20.455564;587;
113;540;6.7370586;587;
186;720;10.389318;587;
121;432;10.331985;587;
57;360;4.493929;587;
28;234;3.2163992;587;
77;432;4.482041;587;
363;1080;18.404413;587;
170;720;9.178634;587;
103;540;6.137103;587;
70;432;4.1981;587;
26;234;3.0515661;587;
52;360;4.114141;587;
1077;360;82.53338;589;
2170;540;92.20551;589;
3648;720;92.20382;589;
8309;1080;97.634224;589;
1436;432;86.53045;589;
2691;720;90.77398;589;
5916;1080;95.393845;589;
1642;540;89.757286;589;
553;234;67.13316;589;
832;360;79.93827;589;
1099;432;85.31866;589;
4356;1080;95.19272;589;
436;234;63.56085;589;
2012;720;89.009026;589;
1252;540;86.26658;589;
347;234;59.94955;589;
850;432;81.68831;589;
653;360;76.4432;589;
1540;720;88.85992;589;
3256;1080;95.03416;589;
974;540;84.63744;589;
516;360;72.90611;589;
277;234;55.51919;589;
667;432;78.731094;589;
2499;1080;93.12839;589;
1199;720;83.91041;589;
767;540;82.20072;589;
412;360;68.52202;589;
222;234;52.096535;589;
531;432;75.418564;589;
1964;1080;91.21722;589;
951;720;81.24363;589;
612;540;77.224365;589;
428;432;71.52682;589;
333;360;64.92771;589;
181;234;46.189785;589;
1577;1080;90.01153;589;
494;540;72.8654;589;
271;360;56.427372;589;
766;720;78.017586;589;
348;432;65.82552;589;
147;234;40.331562;589;
307;540;55.634014;589;
976;1080;78.15429;589;
168;360;40.537907;589;
475;720;61.865765;589;
217;432;48.605427;589;
314;720;43.530357;589;
653;1080;62.69177;589;
90;234;27.315063;589;
200;540;36.610138;589;
107;360;25.364105;589;
57;234;14.55042;589;
140;432;30.952778;589;
441;1080;40.17972;589;
215;720;25.042616;589;
135;540;22.433453;589;
70;360;14.805705;589;
93;432;18.456495;589;
36;234;7.6640854;589;
277;1080;25.92147;589;
136;720;12.331641;589;
85;540;11.099664;589;
44;360;6.757449;589;
58;432;8.988703;589;
22;234;4.8289185;589;
253;1080;20.603125;589;
76;540;9.770585;589;
124;720;11.43635;589;
39;360;5.3553867;589;
52;432;7.9042253;589;
20;234;4.523243;589;
1067;360;79.68605;590;
8562;1080;97.05729;590;
2130;540;89.494064;590;
3546;720;91.18597;590;
1411;432;82.24241;590;
536;234;58.180706;590;
1605;540;86.96134;590;
2605;720;89.752014;590;
6113;1080;94.587585;590;
824;360;77.04931;590;
420;234;54.622997;590;
1080;432;80.919075;590;
4391;1080;94.2963;590;
1948;720;87.94891;590;
643;360;73.51649;590;
835;432;78.85264;590;
1222;540;84.6518;590;
331;234;51.321262;590;
3233;1080;94.13466;590;
1489;720;87.39677;590;
945;540;81.53295;590;
503;360;70.076546;590;
652;432;74.82995;590;
261;234;47.714397;590;
2447;1080;91.70321;590;
1156;720;82.60932;590;
740;540;79.037636;590;
397;360;65.887024;590;
207;234;44.61723;590;
514;432;70.65773;590;
1895;1080;90.42019;590;
912;720;80.19053;590;
586;540;74.415535;590;
316;360;62.794357;590;
164;234;39.27872;590;
408;432;66.227036;590;
1501;1080;88.901375;590;
729;720;77.28048;590;
253;360;54.864666;590;
469;540;70.11613;590;
892;1080;77.229004;590;
131;234;34.045948;590;
327;432;61.441757;590;
77;234;21.72981;590;
277;540;53.53919;590;
193;432;44.244488;590;
432;720;61.94523;590;
149;360;38.187458;590;
266;720;43.98984;590;
556;1080;63.63319;590;
170;540;34.147633;590;
91;360;23.055252;590;
118;432;26.280502;590;
362;1080;40.303444;590;
47;234;9.562154;590;
172;720;23.681583;590;
108;540;18.233803;590;
57;360;12.305495;590;
224;1080;25.97629;590;
75;432;13.2470045;590;
29;234;4.90509;590;
108;720;10.90389;590;
67;540;8.419536;590;
46;432;6.0421696;590;
17;234;3.776476;590;
35;360;5.726636;590;
205;1080;19.934752;590;
98;720;9.877067;590;
61;540;7.7956743;590;
31;360;4.8432674;590;
41;432;5.709305;590;
16;234;3.4693527;590;
14258;720;88.67865;592;
4193;360;67.86663;592;
20321;1080;93.44107;592;
8071;540;86.52434;592;
5817;432;77.31609;592;
6303;540;84.2752;592;
1773;234;44.821426;592;
16738;1080;95.02987;592;
11035;720;86.33287;592;
3173;360;62.833485;592;
4403;432;72.64184;592;
1334;234;41.48972;592;
8437;720;88.23435;592;
13813;1080;94.43091;592;
2372;360;59.096806;592;
4862;540;80.16745;592;
3290;432;70.12118;592;
995;234;37.554592;592;
11463;1080;94.53599;592;
6378;720;86.641945;592;
3698;540;73.98367;592;
1755;360;50.057774;592;
2430;432;62.81312;592;
9500;1080;94.45449;592;
737;234;33.862274;592;
4772;720;81.389694;592;
2773;540;67.061134;592;
1288;360;45.268303;592;
1779;432;55.783257;592;
7752;1080;91.67997;592;
3544;720;74.84843;592;
542;234;28.836763;592;
2056;540;60.893646;592;
941;360;36.974712;592;
1296;432;51.918526;592;
397;234;24.047882;592;
6155;1080;86.27813;592;
2617;720;69.23913;592;
1513;540;57.18366;592;
943;432;46.277027;592;
686;360;33.170017;592;
3141;1080;73.28439;592;
291;234;20.27826;592;
1241;720;51.642296;592;
320;360;18.218338;592;
706;540;38.978943;592;
437;432;26.26772;592;
138;234;11.480924;592;
1590;1080;50.66201;592;
356;540;19.26843;592;
631;720;32.093224;592;
164;360;9.01537;592;
224;432;13.094356;592;
72;234;6.559714;592;
354;720;15.959031;592;
889;1080;31.116438;592;
200;540;10.145832;592;
93;360;3.9865398;592;
127;432;5.9468365;592;
42;234;4.9683394;592;
504;1080;18.085545;592;
199;720;8.916893;592;
112;540;5.3257074;592;
51;360;3.0907106;592;
70;432;2.978281;592;
23;234;3.7570486;592;
456;1080;16.707775;592;
178;720;7.5319576;592;
100;540;4.725238;592;
45;360;3.0837955;592;
63;432;3.1724777;592;
21;234;3.374939;592;
17302;1080;99.42784;594;
10447;720;92.716835;594;
3477;360;81.26464;594;
6513;540;96.08918;594;
4600;432;86.76278;594;
14496;1080;97.94584;594;
8263;720;93.747154;594;
5195;540;91.075455;594;
1703;234;51.702915;594;
3621;432;83.59381;594;
1336;234;47.98705;594;
2736;360;77.36904;594;
11974;1080;97.24154;594;
6506;720;92.829445;594;
4105;540;86.65644;594;
1038;234;42.950977;594;
2141;360;72.99247;594;
2827;432;80.55984;594;
5107;720;88.568;594;
9650;1080;96.820595;594;
3225;540;81.747246;594;
1663;360;63.95026;594;
2197;432;73.31744;594;
804;234;38.47645;594;
7727;1080;94.88438;594;
3989;720;84.56832;594;
2520;540;75.28995;594;
1283;360;59.733257;594;
1696;432;66.03363;594;
619;234;31.82093;594;
6199;1080;92.350334;594;
3124;720;77.78431;594;
1957;540;68.82449;594;
984;360;51.308807;594;
1307;432;60.686337;594;
475;234;27.002972;594;
4940;1080;88.06801;594;
2440;720;73.00933;594;
1516;540;63.003338;594;
758;360;46.99178;594;
1005;432;53.38068;594;
1303;720;53.701275;594;
365;234;22.503754;594;
2729;1080;71.76223;594;
800;540;44.604412;594;
398;360;27.77684;594;
530;432;34.19447;594;
192;234;12.926075;594;
702;720;35.577625;594;
433;540;25.294163;594;
1566;1080;51.6274;594;
213;360;16.559258;594;
428;720;19.540684;594;
100;234;5.594798;594;
993;1080;32.333786;594;
285;432;21.085268;594;
256;540;14.6373005;594;
165;432;10.667073;594;
120;360;7.930806;594;
55;234;4.0925355;594;
638;1080;18.476723;594;
263;720;10.487691;594;
153;540;6.695042;594;
98;432;4.3881288;594;
71;360;3.913221;594;
31;234;3.179326;594;
585;1080;17.396479;594;
236;720;9.107575;594;
136;540;6.1259933;594;
63;360;3.7408752;594;
87;432;4.1068363;594;
28;234;3.0147038;594;
7841;720;94.166695;596;
2406;360;76.70317;596;
4563;540;89.72291;596;
13463;1080;97.830086;596;
3193;432;84.38735;596;
11147;1080;97.437836;596;
6037;720;92.475334;596;
3543;540;87.676384;596;
1135;234;48.000286;596;
1848;360;73.33896;596;
2450;432;80.87756;596;
877;234;44.672245;596;
9138;1080;97.11274;596;
4627;720;90.44805;596;
2739;540;85.67333;596;
676;234;40.88289;596;
1870;432;77.09654;596;
1412;360;68.77436;596;
7336;1080;94.66324;596;
3534;720;87.65898;596;
2110;540;80.36305;596;
1078;360;62.944138;596;
1425;432;70.9828;596;
521;234;36.46693;596;
5793;1080;93.41143;596;
2701;720;82.87888;596;
1622;540;73.67924;596;
826;360;58.156178;596;
1089;432;65.656075;596;
402;234;31.353767;596;
4552;1080;92.87273;596;
2072;720;77.958786;596;
1251;540;68.38251;596;
837;432;61.508724;596;
636;360;51.94029;596;
311;234;26.936146;596;
1598;720;73.04046;596;
3536;1080;89.227974;596;
970;540;64.232376;596;
493;360;46.547047;596;
647;432;53.151115;596;
242;234;22.63052;596;
1909;1080;70.94457;596;
527;540;45.102425;596;
866;720;54.331192;596;
351;432;35.013462;596;
131;234;12.997895;596;
268;360;29.09982;596;
498;720;35.884678;596;
1100;1080;52.29433;596;
303;540;26.301159;596;
152;360;16.94496;596;
202;432;21.887117;596;
74;234;5.6136775;596;
682;1080;33.194664;596;
302;720;19.877243;596;
182;540;15.231827;596;
91;360;7.8105483;596;
121;432;10.7455845;596;
43;234;4.140951;596;
431;1080;19.740616;596;
189;720;10.411666;596;
112;540;6.749447;596;
54;360;3.8617625;596;
73;432;4.4366274;596;
25;234;3.2058287;596;
398;1080;17.79042;596;
173;720;9.105564;596;
103;540;6.1486235;596;
49;360;3.7038074;596;
67;432;4.147708;596;
23;234;3.0221672;596;
4639;540;89.87031;597;
12931;1080;97.62862;597;
3249;432;84.58705;597;
7599;720;94.22196;597;
2443;360;77.42194;597;
1187;234;50.440907;597;
3658;540;87.700714;597;
10789;1080;97.10802;597;
5944;720;92.34267;597;
2541;432;81.261375;597;
1918;360;74.237335;597;
934;234;46.82066;597;
8919;1080;96.72305;597;
4634;720;90.437996;597;
2871;540;85.73005;597;
732;234;42.69395;597;
1982;432;77.7102;597;
1500;360;70.01673;597;
7224;1080;94.5098;597;
3602;720;87.62853;597;
1543;432;71.27804;597;
1170;360;63.413166;597;
2247;540;80.533455;597;
2797;720;82.98106;597;
574;234;37.495304;597;
5728;1080;93.35338;597;
1753;540;73.73925;597;
912;360;58.72582;597;
448;234;32.091503;597;
1369;540;67.89733;597;
1200;432;65.56978;597;
4494;1080;92.78826;597;
2177;720;77.92449;597;
710;360;51.79758;597;
349;234;27.543203;597;
3525;1080;89.11476;597;
1699;720;72.11206;597;
934;432;61.788555;597;
1071;540;63.780075;597;
728;432;52.803856;597;
554;360;46.851456;597;
272;234;23.334778;597;
1950;1080;70.657776;597;
300;360;28.538929;597;
585;540;44.502506;597;
936;720;54.087322;597;
396;432;34.267128;597;
146;234;13.550853;597;
328;540;25.508017;597;
1127;1080;52.18047;597;
531;720;35.688175;597;
166;360;17.129915;597;
220;432;21.268143;597;
696;1080;33.071213;597;
80;234;5.6371775;597;
192;540;14.77895;597;
317;720;19.714394;597;
94;360;8.1464;597;
128;432;10.452083;597;
430;1080;19.883507;597;
45;234;4.0329533;597;
189;720;10.372492;597;
112;540;6.706523;597;
53;360;4.0145473;597;
73;432;4.403104;597;
25;234;3.1601667;597;
394;1080;17.957531;597;
101;540;6.106073;597;
171;720;9.094268;597;
48;360;3.8204756;597;
66;432;4.1190677;597;
22;234;3.0150003;597;
9684;1080;97.62212;603;
1539;360;72.55131;603;
4923;720;91.62794;603;
2998;540;88.0732;603;
2033;432;80.54249;603;
752;234;45.510056;603;
7815;1080;95.52953;603;
3713;720;90.094765;603;
2281;540;86.916664;603;
1546;432;77.46493;603;
580;234;42.84665;603;
6162;1080;93.98994;603;
2813;720;88.6495;603;
1178;360;70.43097;603;
906;360;67.69552;603;
1742;540;82.70909;603;
1183;432;74.8476;603;
448;234;39.08709;603;
4761;1080;93.54383;603;
2144;720;87.1389;603;
1337;540;78.526436;603;
700;360;63.147945;603;
910;432;71.849915;603;
348;234;35.554794;603;
3637;1080;93.32905;603;
1641;720;82.11433;603;
1032;540;76.61652;603;
704;432;67.196754;603;
543;360;58.55786;603;
269;234;32.399586;603;
2784;1080;90.31956;603;
1268;720;80.0866;603;
803;540;71.64665;603;
422;360;54.83469;603;
547;432;63.2196;603;
209;234;27.766357;603;
2158;1080;87.145546;603;
628;540;67.12443;603;
990;720;76.817764;603;
329;360;49.111763;603;
428;432;56.69492;603;
163;234;22.946413;603;
1216;1080;75.69958;603;
557;720;58.27739;603;
351;540;49.40821;603;
182;360;32.137737;603;
238;432;40.094242;603;
90;234;13.021265;603;
739;1080;59.08363;603;
331;720;41.155334;603;
206;540;30.674759;603;
105;360;17.363472;603;
139;432;23.55517;603;
52;234;5.6596513;603;
458;1080;37.64107;603;
126;540;16.18007;603;
205;720;21.893276;603;
85;432;10.99745;603;
31;234;4.2220526;603;
265;1080;22.982992;603;
63;360;7.655403;603;
123;720;10.377398;603;
50;432;4.5815496;603;
75;540;6.8085165;603;
36;360;3.8025146;603;
17;234;3.2559671;603;
238;1080;18.531693;603;
111;720;9.099203;603;
33;360;3.629023;603;
45;432;4.2217836;603;
67;540;6.204286;603;
16;234;3.0497694;603;
1971;360;75.38573;605;
3804;540;88.51027;605;
2627;432;82.760574;605;
10522;1080;97.1334;605;
6208;720;92.97935;605;
4820;720;91.10932;605;
8700;1080;96.52672;605;
2966;540;87.58821;605;
1519;360;72.692764;605;
938;234;50.776928;605;
2023;432;80.03734;605;
726;234;46.796757;605;
7093;1080;94.52852;605;
3732;720;89.69164;605;
2303;540;84.9181;605;
1172;360;68.7685;605;
562;234;41.89495;605;
1559;432;76.04975;605;
5706;1080;93.5568;605;
2883;720;87.84542;605;
904;360;64.29014;605;
1203;432;71.25425;605;
1783;540;79.30895;605;
434;234;37.88193;605;
4552;1080;93.24799;605;
1379;540;74.23718;605;
2223;720;82.158226;605;
929;432;66.57418;605;
698;360;58.70022;605;
3618;1080;92.348366;605;
335;234;33.43754;605;
1715;720;78.154625;605;
1066;540;69.56438;605;
540;360;53.06258;605;
2849;1080;88.27961;605;
717;432;61.712826;605;
1324;720;73.8587;605;
259;234;29.14008;605;
826;540;63.82352;605;
554;432;52.49461;605;
1557;1080;73.642975;605;
417;360;47.292126;605;
199;234;24.572811;605;
708;720;53.69425;605;
221;360;30.598354;605;
441;540;44.724712;605;
296;432;35.772617;605;
105;234;14.312214;605;
883;1080;54.375446;605;
243;540;26.951757;605;
395;720;38.09229;605;
120;360;17.841585;605;
162;432;21.57184;605;
57;234;5.7720194;605;
532;1080;35.427727;605;
236;720;20.925236;605;
70;360;8.417012;605;
143;540;14.873286;605;
33;234;3.9790444;605;
309;1080;21.743095;605;
137;720;10.314472;605;
82;540;6.6833982;605;
94;432;10.234912;605;
54;432;4.413556;605;
39;360;4.136836;605;
19;234;3.1448927;605;
278;1080;18.593792;605;
122;720;9.100362;605;
17;234;3.0170631;605;
35;360;3.9155374;605;
48;432;4.1288652;605;
73;540;6.07994;605;
2156;360;75.72181;610;
2874;432;83.901924;610;
4101;540;88.82401;610;
6695;720;93.57517;610;
11520;1080;97.601295;610;
1015;234;48.778873;610;
5156;720;91.39193;610;
9592;1080;97.18609;610;
7846;1080;95.36776;610;
2205;432;80.50178;610;
781;234;45.271988;610;
1657;360;72.564445;610;
3173;540;87.50174;610;
2440;540;85.149086;610;
3953;720;89.8269;610;
1268;360;68.48755;610;
597;234;41.224487;610;
1685;432;76.35063;610;
6253;1080;93.83236;610;
3029;720;87.77404;610;
1873;540;79.38792;610;
1285;432;71.087654;610;
968;360;63.471077;610;
4880;1080;93.2991;610;
455;234;36.60944;610;
2321;720;82.29103;610;
1437;540;74.00768;610;
737;360;58.229656;610;
979;432;66.16987;610;
347;234;32.230286;610;
3779;1080;92.41151;610;
1782;720;78.01962;610;
1103;540;69.39771;610;
264;234;28.021637;610;
562;360;52.56178;610;
747;432;61.647686;610;
1371;720;74.050934;610;
2926;1080;88.59813;610;
849;540;63.945496;610;
429;360;46.991127;610;
571;432;52.733704;610;
202;234;23.491411;610;
1586;1080;73.37127;610;
223;360;30.439487;610;
450;540;44.917553;610;
730;720;54.029636;610;
299;432;35.962948;610;
105;234;13.563743;610;
912;1080;53.63654;610;
403;720;37.99038;610;
120;360;17.358599;610;
246;540;27.283236;610;
163;432;21.88332;610;
57;234;5.646422;610;
548;1080;34.97044;610;
239;720;20.882097;610;
143;540;15.191073;610;
68;360;7.981821;610;
93;432;10.408792;610;
32;234;4.081952;610;
307;1080;21.661495;610;
137;720;10.331771;610;
81;540;6.7409844;610;
38;360;3.9413466;610;
53;432;4.419217;610;
18;234;3.1877546;610;
276;1080;18.418716;610;
123;720;9.08167;610;
72;540;6.1374416;610;
33;360;3.7682962;610;
47;432;4.134466;610;
16;234;3.0232534;610;
6917;1080;95.003784;614;
3188;720;90.64366;614;
1849;540;87.05263;614;
1286;432;80.72149;614;
929;360;77.80871;614;
2332;720;89.10222;614;
474;234;54.193222;614;
5221;1080;94.12151;614;
713;360;74.42988;614;
1384;540;85.09643;614;
970;432;79.356155;614;
372;234;50.96642;614;
4016;1080;94.12287;614;
1053;540;82.822624;614;
1719;720;87.475334;614;
745;432;76.825645;614;
555;360;71.022964;614;
294;234;48.06811;614;
3019;1080;93.71741;614;
438;360;68.69838;614;
815;540;80.90185;614;
1295;720;86.46728;614;
585;432;73.62629;614;
233;234;44.619915;614;
643;540;77.85653;614;
1004;720;82.37638;614;
2202;1080;90.93331;614;
347;360;64.47092;614;
463;432;69.6814;614;
1620;1080;90.685745;614;
184;234;41.83745;614;
796;720;79.962105;614;
513;540;73.75282;614;
278;360;61.913708;614;
147;234;36.61899;614;
370;432;64.55899;614;
1267;1080;88.56266;614;
637;720;77.36078;614;
413;540;69.947174;614;
296;432;60.45956;614;
223;360;54.328354;614;
117;234;31.190655;614;
743;1080;77.40148;614;
381;720;62.96715;614;
130;360;36.92619;614;
244;540;52.969013;614;
173;432;43.184307;614;
66;234;19.362843;614;
468;1080;65.233055;614;
231;720;44.49475;614;
76;360;21.647297;614;
146;540;33.588905;614;
101;432;25.08256;614;
38;234;8.059311;614;
303;1080;41.641525;614;
89;540;16.53743;614;
143;720;23.777191;614;
45;360;10.7893715;614;
61;432;11.417769;614;
22;234;4.3545365;614;
87;720;10.544414;614;
53;540;7.485669;614;
187;1080;26.87244;614;
27;360;5.1647224;614;
13;234;3.4871197;614;
37;432;5.1639776;614;
171;1080;19.845737;614;
79;720;9.385726;614;
48;540;6.879031;614;
24;360;4.5208797;614;
34;432;4.877378;614;
12;234;3.1814947;614;
6380;720;93.15975;616;
12633;1080;97.49386;616;
3927;540;88.65568;616;
2108;360;75.91714;616;
2702;432;83.17718;616;
1017;234;50.429493;616;
10393;1080;96.97559;616;
4929;720;91.17423;616;
3054;540;87.55364;616;
1638;360;72.913246;616;
2086;432;80.222824;616;
791;234;46.939854;616;
8324;1080;95.857216;616;
3815;720;89.71735;616;
1275;360;68.84397;616;
2377;540;85.081184;616;
614;234;42.03428;616;
1615;432;76.19565;616;
6561;1080;93.96046;616;
2969;720;87.79109;616;
1857;540;79.41924;616;
1255;432;71.193306;616;
994;360;63.930576;616;
5174;1080;93.27866;616;
478;234;37.448322;616;
1455;540;74.03884;616;
777;360;58.624935;616;
2319;720;82.29249;616;
982;432;66.2189;616;
372;234;32.77396;616;
4094;1080;92.48333;616;
1823;720;77.9571;616;
1145;540;69.10513;616;
610;360;52.423756;616;
292;234;28.38358;616;
770;432;61.54524;616;
1440;720;73.971886;616;
3262;1080;89.17635;616;
480;360;46.58939;616;
904;540;63.46271;616;
605;432;52.591995;616;
1897;1080;70.91967;616;
228;234;23.976257;616;
817;720;53.93874;616;
265;360;29.15355;616;
507;540;44.42053;616;
1145;1080;52.12547;616;
336;432;34.555172;616;
125;234;13.908824;616;
475;720;36.088512;616;
150;360;17.371443;616;
292;540;25.641338;616;
194;432;21.287296;616;
71;234;5.680197;616;
724;1080;32.714478;616;
295;720;19.930943;616;
182;540;14.751879;616;
92;360;8.253592;616;
120;432;10.378157;616;
44;234;4.0063744;616;
436;1080;19.87801;616;
190;720;10.3701515;616;
116;540;6.6882877;616;
56;360;4.0601926;616;
77;432;4.3990493;616;
26;234;3.1486044;616;
398;1080;17.993546;616;
177;720;9.103173;616;
25;234;3.010601;616;
108;540;6.090006;616;
70;432;4.115028;616;
51;360;3.8546152;616;
9546;720;89.4282;617;
5879;540;89.51895;617;
3035;360;70.99346;617;
14844;1080;98.04145;617;
4145;432;77.9525;617;
1425;234;44.95339;617;
12582;1080;97.00735;617;
7609;720;90.11938;617;
4724;540;84.85528;617;
2412;360;68.25904;617;
10724;1080;96.53034;617;
3290;432;75.43389;617;
1134;234;42.060383;617;
6020;720;89.30735;617;
1901;360;63.818916;617;
3754;540;80.82575;617;
2594;432;71.84347;617;
896;234;38.14817;617;
8990;1080;95.96478;617;
1488;360;55.440067;617;
4723;720;85.25397;617;
2949;540;76.13845;617;
2028;432;65.00381;617;
7362;1080;93.76734;617;
3685;720;81.431175;617;
699;234;34.70313;617;
2298;540;69.767914;617;
1155;360;52.59622;617;
541;234;29.256847;617;
1575;432;59.601025;617;
5891;1080;91.51028;617;
2859;720;74.546074;617;
1780;540;64.2574;617;
890;360;44.672783;617;
1216;432;55.81193;617;
416;234;24.636284;617;
4617;1080;87.375404;617;
2207;720;69.783516;617;
681;360;40.424107;617;
1372;540;59.811222;617;
317;234;20.42415;617;
932;432;49.584827;617;
2409;1080;68.63204;617;
698;540;43.816814;617;
1139;720;52.73052;617;
339;360;23.01228;617;
468;432;29.823742;617;
157;234;11.683855;617;
1259;1080;52.045948;617;
572;720;33.15247;617;
343;540;25.096537;617;
164;360;12.165667;617;
228;432;16.622143;617;
685;1080;33.059082;617;
308;720;17.210793;617;
76;234;6.242324;617;
182;540;14.376713;617;
87;360;5.1943297;617;
120;432;7.5806737;617;
40;234;4.738219;617;
384;1080;19.953495;617;
167;720;9.269464;617;
99;540;6.258087;617;
65;432;3.449432;617;
46;360;2.9877658;617;
22;234;3.5540438;617;
345;1080;17.8663;617;
148;720;7.861725;617;
88;540;5.6240573;617;
58;432;3.3385386;617;
41;360;3.1889749;617;
19;234;3.2664433;617;
5000;720;91.68934;619;
10042;1080;97.57426;619;
2968;540;88.23864;619;
1949;432;80.51757;619;
1451;360;73.1038;619;
701;234;46.48794;619;
7802;1080;95.51713;619;
3607;720;89.948044;619;
1097;360;70.952385;619;
2180;540;86.821434;619;
542;234;43.30071;619;
1451;432;77.39541;619;
6009;1080;93.92838;619;
2634;720;88.47482;619;
1101;432;75.032814;619;
841;360;68.01498;619;
1624;540;82.57395;619;
422;234;39.380157;619;
4552;1080;93.53887;619;
1952;720;86.75884;619;
1229;540;78.89619;619;
847;432;72.092354;619;
651;360;63.47452;619;
330;234;36.099514;619;
3412;1080;93.370186;619;
1484;720;82.929115;619;
949;540;76.553444;619;
662;432;67.45053;619;
510;360;58.956524;619;
259;234;33.06268;619;
1155;720;80.17629;619;
2564;1080;89.81695;619;
745;540;71.5326;619;
402;360;55.501278;619;
522;432;63.410343;619;
204;234;28.338966;619;
1967;1080;87.48431;619;
916;720;77.01409;619;
593;540;67.35757;619;
320;360;49.34862;619;
416;432;56.65421;619;
1120;1080;75.96877;619;
162;234;23.465555;619;
544;720;58.69735;619;
349;540;48.66257;619;
186;360;31.924181;619;
243;432;39.22733;619;
703;1080;59.849194;619;
93;234;13.342508;619;
345;720;40.435303;619;
218;540;29.10883;619;
112;360;17.379433;619;
149;432;22.646137;619;
55;234;5.633529;619;
472;1080;37.20927;619;
232;720;21.103039;619;
142;540;15.442712;619;
71;360;7.830308;619;
95;432;10.646212;619;
34;234;4.1364784;619;
297;1080;21.899958;619;
141;720;10.355094;619;
84;540;6.7568665;619;
41;360;3.8727694;619;
55;432;4.444053;619;
20;234;3.2089062;619;
128;720;9.08817;619;
274;1080;18.357357;619;
76;540;6.15339;619;
37;360;3.7146883;619;
50;432;4.158569;619;
18;234;3.0257053;619;
12213;1080;97.914696;620;
6125;720;92.63463;620;
3540;540;88.01762;620;
1757;360;72.68335;620;
2366;432;81.23992;620;
852;234;45.32567;620;
9628;1080;97.41074;620;
4384;720;90.43656;620;
1329;360;70.6717;620;
2595;540;87.32348;620;
657;234;42.638523;620;
1764;432;78.20692;620;
7442;1080;94.95309;620;
3169;720;88.755035;620;
1928;540;83.074776;620;
1332;432;74.94488;620;
1014;360;67.35934;620;
507;234;39.315273;620;
5555;1080;93.57322;620;
2343;720;87.29552;620;
1461;540;78.30922;620;
780;360;62.804314;620;
392;234;35.378685;620;
1019;432;71.09688;620;
4086;1080;93.2983;620;
1774;720;81.86844;620;
1127;540;75.52636;620;
605;360;58.043255;620;
789;432;66.793;620;
304;234;31.63185;620;
3046;1080;91.87582;620;
1374;720;79.93386;620;
882;540;71.327705;620;
472;360;53.407932;620;
617;432;62.478916;620;
236;234;27.191786;620;
2333;1080;87.254524;620;
1084;720;76.08964;620;
697;540;66.756294;620;
372;360;48.111217;620;
487;432;55.042095;620;
184;234;22.48753;620;
1325;1080;75.41474;620;
636;720;55.486477;620;
211;360;30.944798;620;
405;540;47.81663;620;
279;432;38.35999;620;
103;234;12.761582;620;
831;1080;56.237312;620;
401;720;38.06209;620;
251;540;28.976208;620;
128;360;16.992254;620;
171;432;23.177711;620;
62;234;5.7234683;620;
271;720;20.13535;620;
561;1080;34.82697;620;
167;540;16.449923;620;
84;360;7.539738;620;
113;432;11.33015;620;
40;234;4.299245;620;
347;1080;20.700405;620;
164;720;10.316748;620;
100;540;6.978103;620;
49;360;3.7615056;620;
23;234;3.29607;620;
66;432;4.69204;620;
313;1080;18.16681;620;
146;720;8.994334;620;
88;540;6.2346954;620;
43;360;3.5732317;620;
58;432;4.2448635;620;
20;234;3.079606;620;
3432;540;88.258095;624;
5496;720;92.21474;624;
11008;1080;97.285286;624;
1810;360;74.46772;624;
2371;432;81.57067;624;
922;234;50.218616;624;
4208;720;90.50869;624;
8887;1080;96.84743;624;
1408;360;72.3265;624;
2645;540;87.63059;624;
1834;432;79.12488;624;
718;234;46.45382;624;
6995;1080;94.44224;624;
2047;540;84.245804;624;
3232;720;89.05466;624;
1098;360;68.76154;624;
1425;432;75.64424;624;
560;234;41.67027;624;
5399;1080;93.51751;624;
2505;720;87.745544;624;
858;360;64.1455;624;
1595;540;79.02518;624;
1112;432;71.269226;624;
436;234;37.543903;624;
4165;1080;93.25059;624;
1248;540;74.745766;624;
1954;720;81.769226;624;
672;360;58.554066;624;
870;432;66.834885;624;
340;234;33.126827;624;
3232;1080;92.21169;624;
1539;720;79.082085;624;
984;540;69.84224;624;
528;360;53.082413;624;
685;432;61.829185;624;
266;234;28.80291;624;
2539;1080;87.39527;624;
1222;720;74.55825;624;
781;540;64.23126;624;
416;360;47.240902;624;
209;234;24.232313;624;
542;432;52.585423;624;
710;720;53.778988;624;
1474;1080;74.530235;624;
447;540;44.666916;624;
234;360;30.074158;624;
307;432;35.30022;624;
912;1080;53.597076;624;
116;234;14.039905;624;
428;720;37.100117;624;
265;540;26.186428;624;
136;360;17.512192;624;
180;432;21.421768;624;
66;234;5.705757;624;
602;1080;34.278675;624;
275;720;20.201252;624;
167;540;14.811809;624;
83;360;8.289471;624;
112;432;10.33751;624;
39;234;3.9984999;624;
389;1080;20.265923;624;
173;720;10.3508215;624;
67;432;4.4056373;624;
48;360;4.079066;624;
102;540;6.6905956;624;
355;1080;18.167343;624;
22;234;3.1490612;624;
157;720;9.097723;624;
92;540;6.089001;624;
43;360;3.871091;624;
61;432;4.1209292;624;
20;234;3.0137491;624;
3459;720;91.287346;626;
2195;540;90.41865;626;
1166;360;80.25422;626;
7904;1080;96.47364;626;
1492;432;83.24077;626;
626;234;60.26769;626;
6008;1080;94.71903;626;
2665;720;89.98434;626;
1704;540;88.103294;626;
924;360;78.0319;626;
499;234;56.606575;626;
1176;432;81.971596;626;
4531;1080;94.432014;626;
2078;720;88.3993;626;
1339;540;85.73699;626;
399;234;52.89928;626;
737;360;74.770134;626;
935;432;79.957535;626;
3451;1080;94.331116;626;
1638;720;87.68662;626;
590;360;70.42959;626;
1062;540;81.8741;626;
747;432;75.87093;626;
321;234;48.829624;626;
2688;1080;92.41775;626;
851;540;79.71847;626;
1307;720;82.72618;626;
478;360;65.783165;626;
603;432;71.17019;626;
260;234;45.095097;626;
2135;1080;90.256004;626;
1056;720;80.14637;626;
690;540;74.44471;626;
491;432;66.87049;626;
388;360;61.783543;626;
211;234;39.992535;626;
1729;1080;88.83254;626;
862;720;76.91918;626;
563;540;69.91395;626;
317;360;53.719944;626;
402;432;60.609875;626;
173;234;34.976;626;
1086;1080;76.801125;626;
354;540;51.450695;626;
542;720;58.272556;626;
198;360;37.050003;626;
252;432;42.792645;626;
107;234;22.684923;626;
727;1080;60.195545;626;
360;720;40.085194;626;
128;360;23.213812;626;
232;540;31.996758;626;
165;432;26.121216;626;
508;1080;37.01186;626;
68;234;10.295743;626;
251;720;22.14017;626;
159;540;19.35093;626;
85;360;12.938233;626;
112;432;14.644517;626;
44;234;5.318011;626;
167;720;11.163117;626;
335;1080;22.507849;626;
104;540;9.1122;626;
55;360;5.953161;626;
72;432;6.8078394;626;
28;234;3.9645796;626;
313;1080;19.511108;626;
156;720;10.176886;626;
97;540;8.39403;626;
50;360;4.9682894;626;
67;432;6.2533665;626;
26;234;3.6566591;626;
3658;720;91.35588;630;
8132;1080;96.626595;630;
1571;432;82.49361;630;
1217;360;79.80788;630;
2306;540;90.33628;630;
640;234;59.15963;630;
6224;1080;94.71435;630;
2809;720;90.0211;630;
1233;432;81.311165;630;
1786;540;87.94822;630;
959;360;77.7197;630;
507;234;55.444786;630;
2181;720;88.522865;630;
4726;1080;94.28385;630;
1396;540;84.99826;630;
759;360;74.50297;630;
973;432;79.2754;630;
402;234;51.934654;630;
3610;1080;94.20705;630;
1713;720;87.24903;630;
1103;540;81.541145;630;
773;432;75.60526;630;
604;360;70.059204;630;
320;234;47.87862;630;
2803;1080;92.87119;630;
1361;720;82.77334;630;
879;540;79.09627;630;
483;360;65.37554;630;
618;432;70.67876;630;
255;234;44.223785;630;
2223;1080;90.25521;630;
1093;720;79.973885;630;
706;540;73.87133;630;
388;360;61.454678;630;
497;432;66.08481;630;
205;234;39.254925;630;
1794;1080;88.536415;630;
572;540;69.15917;630;
313;360;53.635143;630;
886;720;76.73991;630;
403;432;59.927197;630;
165;234;34.252056;630;
1113;1080;76.569016;630;
542;720;58.173626;630;
347;540;51.137905;630;
188;360;37.11901;630;
99;234;22.052782;630;
243;432;42.514164;630;
724;1080;60.157204;630;
347;720;40.511055;630;
220;540;31.893099;630;
118;360;23.026442;630;
154;432;25.67097;630;
62;234;9.855341;630;
492;1080;37.36558;630;
237;720;22.233595;630;
149;540;18.717793;630;
78;360;12.654904;630;
103;432;13.936461;630;
40;234;5.0641603;630;
322;1080;22.712847;630;
157;720;11.019814;630;
26;234;3.8344555;630;
98;540;8.7530985;630;
51;360;5.844692;630;
67;432;6.411951;630;
146;720;10.0112295;630;
300;1080;19.478159;630;
91;540;8.073755;630;
47;360;4.9028645;630;
62;432;5.955745;630;
24;234;3.5272808;630;
8155;720;94.03805;631;
14346;1080;98.0906;631;
2612;360;78.3449;631;
5031;540;91.0803;631;
3470;432;84.80973;631;
1292;234;51.164913;631;
11642;1080;97.22234;631;
6293;720;92.781395;631;
2038;360;75.01191;631;
3925;540;87.99752;631;
1015;234;47.25236;631;
9452;1080;96.82136;631;
2696;432;81.881805;631;
3067;540;85.91157;631;
4881;720;90.724205;631;
1596;360;70.6041;631;
2105;432;78.02337;631;
797;234;43.02745;631;
7650;1080;94.959496;631;
1250;360;63.3523;631;
3801;720;87.608795;631;
2400;540;80.79751;631;
1646;432;71.444084;631;
625;234;38.00775;631;
6107;1080;93.51316;631;
2977;720;83.228645;631;
1884;540;73.80236;631;
981;360;58.904446;631;
1293;432;65.452446;631;
489;234;32.077877;631;
4844;1080;92.79696;631;
2346;720;77.90632;631;
1485;540;67.90707;631;
771;360;51.54752;631;
1018;432;61.48896;631;
383;234;27.397287;631;
3851;1080;88.62624;631;
1857;720;71.73082;631;
1174;540;63.406292;631;
803;432;52.882423;631;
2244;1080;68.77365;631;
300;234;23.180012;631;
607;360;47.12064;631;
1062;720;54.082912;631;
665;540;44.439014;631;
452;432;34.16477;631;
339;360;28.087284;631;
1371;1080;51.71697;631;
165;234;13.4471035;631;
634;720;35.52844;631;
391;540;25.222778;631;
196;360;16.909632;631;
263;432;21.056086;631;
94;234;5.6234026;631;
408;720;19.555195;631;
892;1080;32.26464;631;
246;540;14.501682;631;
120;360;8.143946;631;
163;432;10.567817;631;
56;234;4.0315676;631;
561;1080;18.859726;631;
252;720;10.450938;631;
149;540;6.669278;631;
71;360;4.009736;631;
33;234;3.152093;631;
98;432;4.3855457;631;
228;720;9.101621;631;
513;1080;17.672503;631;
88;432;4.103594;631;
134;540;6.0968523;631;
63;360;3.8146658;631;
30;234;3.008788;631;
7894;1080;96.805374;635;
3451;720;91.61377;635;
2182;540;91.642105;635;
1485;432;85.36354;635;
1159;360;81.40174;635;
620;234;63.9281;635;
5996;1080;95.05663;635;
2656;720;90.308784;635;
1693;540;89.25819;635;
1170;432;84.16959;635;
494;234;60.2907;635;
2068;720;88.71003;635;
4515;1080;94.77903;635;
918;360;79.15504;635;
731;360;75.876335;635;
1329;540;86.334236;635;
395;234;56.588802;635;
928;432;80.839;635;
3437;1080;94.67479;635;
1052;540;83.29896;635;
1630;720;88.11996;635;
585;360;71.59991;635;
742;432;77.4663;635;
2673;1080;92.89767;635;
1299;720;83.20977;635;
317;234;51.935047;635;
843;540;81.10734;635;
472;360;66.95512;635;
257;234;48.307518;635;
599;432;73.181656;635;
2124;1080;90.6073;635;
1048;720;80.55587;635;
683;540;75.78113;635;
384;360;62.882893;635;
486;432;69.535965;635;
208;234;42.87499;635;
855;720;77.2606;635;
1718;1080;89.41533;635;
314;360;54.46829;635;
558;540;71.37088;635;
398;432;63.081303;635;
170;234;37.66231;635;
1079;1080;77.25321;635;
350;540;52.957073;635;
538;720;58.81551;635;
196;360;38.266327;635;
105;234;25.026506;635;
249;432;45.50529;635;
724;1080;60.752983;635;
357;720;40.836628;635;
230;540;33.811684;635;
163;432;28.750751;635;
127;360;24.168736;635;
503;1080;37.737583;635;
67;234;12.2439165;635;
248;720;23.099384;635;
84;360;13.874393;635;
157;540;21.093023;635;
44;234;6.4164925;635;
110;432;17.058907;635;
332;1080;23.240278;635;
165;720;11.645675;635;
103;540;10.266524;635;
71;432;8.1783;635;
54;360;6.31228;635;
310;1080;19.895273;635;
154;720;10.770536;635;
28;234;4.401223;635;
66;432;7.303013;635;
50;360;5.18277;635;
95;540;9.1915655;635;
26;234;4.093302;635;
1149;540;86.05738;639;
2053;720;89.21922;639;
6320;1080;94.63488;639;
502;360;75.52982;639;
682;432;79.977715;639;
241;234;54.593052;639;
1334;720;86.13027;639;
4294;1080;94.37907;639;
770;540;83.98639;639;
186;234;51.83932;639;
2858;1080;93.681465;639;
928;720;86.33283;639;
481;432;77.816216;639;
366;360;73.25494;639;
554;540;82.91149;639;
280;360;71.48866;639;
146;234;49.446854;639;
364;432;74.826195;639;
664;720;86.19798;639;
1892;1080;91.36564;639;
407;540;82.3307;639;
216;360;70.088936;639;
277;432;72.29237;639;
1269;1080;91.38105;639;
115;234;46.119152;639;
491;720;82.272644;639;
168;360;67.06952;639;
308;540;78.90034;639;
882;1080;89.94544;639;
214;432;69.925446;639;
91;234;43.354958;639;
242;540;75.96238;639;
377;720;79.620224;639;
170;432;66.665405;639;
73;234;38.029827;639;
134;360;64.42864;639;
295;720;77.536766;639;
640;1080;87.66359;639;
192;540;74.30719;639;
108;360;57.265713;639;
137;432;64.14582;639;
338;1080;77.830345;639;
59;234;32.21328;639;
174;720;68.16278;639;
115;540;57.72189;639;
66;360;38.99761;639;
83;432;46.257183;639;
36;234;19.99336;639;
207;1080;71.19425;639;
109;720;47.685337;639;
72;540;37.467266;639;
41;360;22.739271;639;
51;432;27.573557;639;
22;234;8.236195;639;
132;1080;46.878136;639;
70;720;26.161777;639;
46;540;17.620106;639;
33;432;11.470813;639;
26;360;10.9036045;639;
14;234;4.3805304;639;
84;1080;29.425583;639;
44;720;10.767462;639;
28;540;7.5723343;639;
9;234;3.5076199;639;
16;360;5.2186832;639;
20;432;5.248355;639;
78;1080;20.410696;639;
40;720;9.453259;639;
14;360;4.559369;639;
26;540;6.963034;639;
18;432;4.96107;639;
8;234;3.201767;639;
1217;360;79.93301;640;
3655;720;91.38564;640;
8132;1080;96.6599;640;
2306;540;90.48378;640;
1571;432;82.70731;640;
640;234;59.512203;640;
6223;1080;94.747246;640;
2806;720;90.05104;640;
1785;540;88.1045;640;
1232;432;81.52596;640;
4724;1080;94.31771;640;
507;234;55.79736;640;
2180;720;88.552925;640;
958;360;77.843704;640;
1395;540;85.24676;640;
972;432;79.501656;640;
759;360;74.62809;640;
402;234;52.23097;640;
3609;1080;94.24057;640;
1712;720;87.28042;640;
1102;540;81.60256;640;
603;360;70.18647;640;
772;432;75.703545;640;
320;234;48.17493;640;
2802;1080;92.88976;640;
1360;720;82.81588;640;
878;540;79.282776;640;
483;360;65.49744;640;
2222;1080;90.28989;640;
255;234;44.523785;640;
618;432;70.794685;640;
1092;720;80.01358;640;
706;540;74.039246;640;
497;432;66.349174;640;
388;360;61.571762;640;
205;234;39.510254;640;
1793;1080;88.57398;640;
886;720;76.7701;640;
571;540;69.35897;640;
313;360;53.700108;640;
402;432;60.19498;640;
165;234;34.507385;640;
1112;1080;76.61518;640;
542;720;58.208843;640;
346;540;51.37438;640;
188;360;37.23851;640;
243;432;42.77201;640;
98;234;22.27964;640;
723;1080;60.23718;640;
347;720;40.5706;640;
118;360;23.135418;640;
220;540;32.141754;640;
154;432;25.926668;640;
62;234;9.988017;640;
492;1080;37.405514;640;
149;540;18.960182;640;
237;720;22.32079;640;
78;360;12.751812;640;
321;1080;22.800087;640;
157;720;11.066506;640;
40;234;5.1396723;640;
102;432;14.172801;640;
98;540;8.881441;640;
67;432;6.5500607;640;
51;360;5.8835025;640;
26;234;3.880227;640;
300;1080;19.513832;640;
146;720;10.068801;640;
47;360;4.927019;640;
91;540;8.190212;640;
24;234;3.5730553;640;
62;432;6.062943;640;
6381;540;84.522224;641;
10158;720;86.156075;641;
3799;360;66.15298;641;
12465;1080;95.93619;641;
4905;432;75.32342;641;
2065;234;47.192955;641;
8174;720;87.74651;641;
10898;1080;95.49793;641;
5198;540;81.221344;641;
3913;432;72.261314;641;
9591;1080;95.135735;641;
1647;234;43.372375;641;
3037;360;62.619907;641;
6588;720;87.95075;641;
1308;234;36.386395;641;
4228;540;77.162926;641;
3124;432;69.82485;641;
2423;360;59.480648;641;
1938;360;51.61329;641;
8403;1080;93.944466;641;
5322;720;84.38165;641;
3441;540;71.97062;641;
2504;432;63.442883;641;
7291;1080;92.5528;641;
4317;720;80.33977;641;
2805;540;65.721375;641;
1039;234;29.36433;641;
2014;432;56.54284;641;
1553;360;45.912502;641;
6289;1080;90.20727;641;
825;234;20.697624;641;
3520;720;74.46959;641;
2291;540;60.02344;641;
1249;360;37.587246;641;
1626;432;50.194607;641;
656;234;16.195288;641;
5401;1080;86.51182;641;
2891;720;69.59034;641;
1009;360;32.298767;641;
1877;540;54.25326;641;
1321;432;44.67157;641;
523;234;10.080619;641;
3602;1080;72.54859;641;
1810;720;50.328953;641;
605;360;18.057125;641;
801;432;26.293228;641;
1164;540;40.906258;641;
304;234;5.7772603;641;
2450;1080;49.747982;641;
1181;720;30.97987;641;
747;540;17.530636;641;
375;360;7.579148;641;
505;432;12.069324;641;
1584;1080;31.971664;641;
725;720;15.414578;641;
442;540;8.922959;641;
182;234;3.1599364;641;
208;360;3.5625596;641;
289;432;6.0078974;641;
95;234;2.1225638;641;
1018;1080;16.838102;641;
438;720;9.109978;641;
258;540;5.0093694;641;
117;360;2.9190984;641;
52;234;1.6935493;641;
164;432;2.7801113;641;
944;1080;15.742028;641;
402;720;7.592203;641;
237;540;4.508577;641;
107;360;2.948699;641;
151;432;3.0094004;641;
48;234;1.7994806;641;
4734;720;91.313545;642;
8010;1080;95.94477;642;
3011;540;87.76086;642;
888;234;53.877903;642;
1645;360;74.7696;642;
3708;720;89.98023;642;
6774;1080;94.43984;642;
2123;432;81.472404;642;
2381;540;86.860886;642;
1299;360;72.314186;642;
1674;432;78.43447;642;
704;234;49.624317;642;
5683;1080;93.68516;642;
2929;720;88.664085;642;
1888;540;83.24668;642;
1034;360;69.80981;642;
1332;432;75.81642;642;
559;234;43.40266;642;
2343;720;87.44135;642;
4757;1080;93.45128;642;
1516;540;78.53719;642;
829;360;65.37151;642;
1068;432;71.813255;642;
1892;720;81.537865;642;
446;234;37.24147;642;
3998;1080;93.21093;642;
1232;540;74.50825;642;
669;360;59.55576;642;
863;432;67.280785;642;
3355;1080;92.250374;642;
358;234;30.144829;642;
1552;720;78.20832;642;
1007;540;69.31922;642;
705;432;61.9802;642;
545;360;53.6551;642;
290;234;23.555386;642;
2807;1080;88.06573;642;
1290;720;73.1825;642;
834;540;63.21707;642;
448;360;47.37498;642;
581;432;51.910244;642;
236;234;17.80677;642;
1882;1080;70.875015;642;
545;540;43.632015;642;
852;720;52.786613;642;
285;360;29.595364;642;
372;432;33.645397;642;
146;234;8.870052;642;
1318;1080;51.969517;642;
379;540;24.48415;642;
602;720;34.403496;642;
193;360;18.11346;642;
255;432;20.679419;642;
98;234;3.542647;642;
902;1080;32.44838;642;
422;720;19.066132;642;
262;540;13.797257;642;
131;360;8.992192;642;
174;432;10.403108;642;
65;234;2.4732218;642;
574;1080;19.139654;642;
266;720;10.296242;642;
164;540;6.5707073;642;
82;360;4.4084363;642;
109;432;4.364101;642;
41;234;1.9335366;642;
535;1080;17.978079;642;
244;720;9.0265045;642;
75;360;4.045389;642;
100;432;4.08159;642;
150;540;6.004051;642;
38;234;2.0166245;642;
9820;1080;96.95359;643;
2691;540;88.31233;643;
4563;720;91.37889;643;
1282;360;74.52871;643;
1764;432;79.83925;643;
632;234;49.01655;643;
7454;1080;95.07822;643;
3302;720;89.80894;643;
1957;540;85.8252;643;
963;360;72.59172;643;
1302;432;77.56826;643;
492;234;45.26273;643;
5609;1080;93.71766;643;
2424;720;88.34462;643;
1454;540;82.26063;643;
742;360;69.30591;643;
988;432;75.488174;643;
387;234;42.182125;643;
4111;1080;93.50655;643;
1102;540;79.8624;643;
1804;720;86.71245;643;
579;360;64.94848;643;
762;432;72.36042;643;
306;234;38.938663;643;
3001;1080;93.07053;643;
1370;720;82.33005;643;
855;540;76.27131;643;
458;360;60.617783;643;
597;432;67.91851;643;
2247;1080;89.66486;643;
244;234;35.799488;643;
1067;720;79.81725;643;
674;540;71.5747;643;
366;360;57.0302;643;
475;432;63.538548;643;
195;234;30.7225;643;
1738;1080;88.0129;643;
845;720;76.78945;643;
539;540;67.93254;643;
382;432;57.0923;643;
157;234;25.7408;643;
295;360;50.51083;643;
1009;1080;76.31901;643;
503;720;59.917637;643;
323;540;48.857677;643;
177;360;32.698334;643;
94;234;14.900362;643;
230;432;38.971447;643;
638;1080;61.101803;643;
320;720;41.15907;643;
112;360;18.432951;643;
205;540;28.755505;643;
145;432;21.892712;643;
58;234;6.0167875;643;
434;1080;38.07395;643;
218;720;21.420036;643;
138;540;14.780255;643;
74;360;8.781343;643;
96;432;10.171546;643;
38;234;3.958088;643;
147;720;10.33398;643;
294;1080;22.273668;643;
92;540;6.6683083;643;
48;360;4.2994456;643;
64;432;4.414013;643;
24;234;3.146532;643;
276;1080;18.714245;643;
137;720;9.136467;643;
84;540;6.065502;643;
44;360;4.0127826;643;
59;432;4.128648;643;
22;234;3.033145;643;
